Date,Open,High,Low,Close,Volume
2020-09-30,70.932027,71.158317,70.711917,70.938188,2855219
2020-10-01,71.014051,71.478733,70.561178,71.025785,2576982
2020-10-02,70.803746,71.889814,70.176198,71.258237,2029352
2020-10-05,71.388001,72.531614,70.876182,72.015298,1991627
2020-10-06,71.818595,73.107252,71.294028,72.577144,1619100
2020-10-07,72.614071,73.597895,72.002337,72.983052,1807159
2020-10-08,73.004971,73.592750,72.176232,72.762054,2747886
2020-10-09,72.785464,73.228104,71.687603,72.126235,1514638
2020-10-12,72.229551,72.904857,71.726131,72.400247,3164358
2020-10-13,72.501005,73.053205,71.548535,72.097663,2693686
2020-10-14,71.983312,72.986571,71.667623,72.667879,2444491
2020-10-15,72.537710,73.392170,71.986468,72.838641,2486330
2020-10-16,72.843946,73.180776,72.050206,72.384912,1549948
2020-10-19,72.158919,72.943641,71.811164,72.593791,1851968
2020-10-20,72.761308,73.411153,72.445651,73.094052,1355601
2020-10-21,73.062253,73.586949,72.723551,73.247389,1444580
2020-10-22,73.552620,73.787825,72.537770,72.770474,1391194
2020-10-23,72.838253,73.623780,72.196419,72.980691,2158353
2020-10-26,72.892448,73.800319,72.349669,73.254841,1840394
2020-10-27,73.112419,74.331195,72.626907,73.840845,3082217
2020-10-28,74.005907,74.965704,73.407111,74.364011,3039395
2020-10-29,73.920957,74.408351,73.314384,73.800987,1445610
2020-10-30,73.734462,74.379126,72.871489,73.514228,894236
2020-11-02,73.789221,74.613754,73.137362,73.960384,1721192
2020-11-03,73.944107,74.184707,72.646333,72.883481,1743686
2020-11-04,72.966331,73.775650,72.633733,73.440889,1736931
2020-11-05,73.432619,74.029940,72.341227,72.934496,2814022
2020-11-06,73.001513,73.168668,72.538782,72.705259,2894052
2020-11-09,72.589614,74.306418,71.996790,73.704489,1442337
2020-11-10,73.708838,74.040625,73.379453,73.711229,3272650
2020-11-11,73.871377,74.324082,73.110692,73.561499,2597103
2020-11-12,73.554563,74.235322,73.120019,73.799332,3012950
2020-11-13,73.810599,74.342514,73.257330,73.789091,993272
2020-11-16,73.946560,74.113751,73.261288,73.427305,2903947
2020-11-17,73.562005,73.961172,73.247504,73.646310,933101
2020-11-18,73.667564,75.738189,73.073160,75.131969,1945216
2020-11-19,75.016881,76.071477,74.761477,75.813361,1597994
2020-11-20,75.658445,76.691221,75.141538,76.170813,2675093
2020-11-23,76.194866,76.994313,75.608651,76.406470,2846636
2020-11-24,76.404703,77.329164,76.095440,77.017420,1329558
2020-11-25,77.255295,78.190480,76.579869,77.512803,2892607
2020-11-27,77.954115,78.164015,76.772106,76.979381,2937160
2020-11-30,77.205391,77.715729,76.885008,77.394561,1633823
2020-12-01,77.320919,78.010979,76.806000,77.494901,2049641
2020-12-02,77.450484,79.251779,76.973512,78.766701,2451585
2020-12-03,78.533469,78.925392,78.292234,78.683695,2016197
2020-12-04,78.718505,80.264896,78.104039,79.643212,2887433
2020-12-07,79.677101,80.277735,78.292612,78.887293,3061874
2020-12-08,79.017739,79.659543,78.538107,79.178932,1123181
2020-12-09,79.039434,79.490186,78.294016,78.743079,1492097
2020-12-10,78.781828,79.295139,77.683991,78.193468,2667418
2020-12-11,78.188137,79.051118,77.957952,78.819076,2291745
2020-12-14,78.954695,79.379820,77.774805,78.195844,1115627
2020-12-15,77.987175,78.829144,77.330033,78.170458,3401810
2020-12-16,78.350492,78.769852,77.334013,77.750160,3225221
2020-12-17,77.748590,78.653146,77.198614,78.100680,2206234
2020-12-18,78.086667,78.765618,77.692402,78.369923,1541019
2020-12-21,78.189069,78.360398,76.762351,76.930923,3015358
2020-12-22,76.893958,77.892077,76.497216,77.492248,1557763
2020-12-23,77.525043,78.070346,76.600265,77.142880,898219
2020-12-24,77.096596,78.971883,76.757462,78.626021,3114629
2020-12-28,78.641858,79.719905,78.257295,79.331968,3127049
2020-12-29,79.154305,80.664097,78.593870,80.096987,2269464
2020-12-30,80.083255,80.314535,78.270207,78.496905,2002046
2020-12-31,78.352459,80.424368,77.764649,79.825507,3050103
2021-01-04,79.543284,80.510464,78.989854,79.954175,1394585
2021-01-05,79.740485,80.353433,78.495959,79.104015,1017846
2021-01-06,79.050839,79.630901,78.842695,79.421781,2963475
2021-01-07,79.462685,80.769741,79.134875,80.437909,2914410
2021-01-08,80.438242,81.000113,78.856152,79.410846,1673108
2021-01-11,79.597371,80.588033,79.273765,80.261726,1600549
2021-01-12,80.301107,80.473663,79.960655,80.132850,1208604
2021-01-13,80.132797,80.471939,79.496334,79.834212,1180382
2021-01-14,79.751773,80.240243,79.150373,79.638147,1599028
2021-01-15,79.706920,80.187687,78.682673,79.160142,3105186
2021-01-19,79.140647,80.101075,78.442479,79.400614,2466553
2021-01-20,79.121340,80.117443,78.683421,79.676451,1434340
2021-01-21,79.659235,81.082342,79.095096,80.512162,1289717
2021-01-22,80.499825,82.258416,79.864075,81.613868,3198903
2021-01-25,81.586691,81.935386,81.138517,81.486785,2361305
2021-01-26,81.887640,82.828474,81.428721,82.366870,2675818
2021-01-27,82.453166,82.651548,81.436395,81.632803,3045702
2021-01-28,81.751961,82.773745,81.176800,82.195464,2233110
2021-01-29,82.284081,82.874309,80.924736,81.509407,1867628
2021-02-01,81.436261,81.911811,80.735742,81.209969,1305551
2021-02-02,81.240887,82.255578,80.734043,81.745586,3432235
2021-02-03,81.779628,82.354965,80.747594,81.319694,2377826
2021-02-04,81.357154,82.469301,80.664407,81.773013,2955083
2021-02-05,81.659679,82.067658,80.431951,80.835815,1900638
2021-02-08,80.879598,81.586437,79.730746,80.433688,2249725
2021-02-09,80.380972,81.373393,79.921237,80.910628,2675634
2021-02-10,80.728329,82.498067,80.319810,82.082694,2279259
2021-02-11,81.923089,82.330902,80.949766,81.354750,3057405
2021-02-12,81.287234,83.123300,80.757855,82.585466,3279223
2021-02-16,82.566405,83.578296,81.866909,82.876176,1266206
2021-02-17,82.671521,85.342682,81.980432,84.635178,1755516
2021-02-18,84.385310,85.091028,83.807531,84.512379,1369534
2021-02-19,84.349838,84.591879,83.998144,84.239869,2811153
2021-02-22,84.146931,85.213752,83.516502,84.580078,1149745
2021-02-23,84.804124,85.413118,83.281750,83.884137,2309432
2021-02-24,83.947609,84.715314,83.309247,84.075976,3312417
2021-02-25,83.721934,84.597679,83.254653,84.128131,1331899
2021-02-26,84.035723,85.716951,83.533930,85.208158,2436844
2021-03-01,85.218285,86.199764,84.584387,85.563299,2012878
2021-03-02,85.715338,86.270059,84.181034,84.729375,1997191
2021-03-03,84.701999,85.339077,83.230633,83.861388,1196278
2021-03-04,84.123437,84.307514,83.075881,83.258065,2789886
2021-03-05,83.142130,83.582590,81.431273,81.864967,1437928
2021-03-08,82.165055,82.717715,79.892635,80.433649,1131506
2021-03-09,80.374930,82.584039,79.832680,82.030620,2905189
2021-03-10,82.013413,82.566956,80.977510,81.527775,1426405
2021-03-11,81.577203,83.218501,80.913789,82.547198,2311102
2021-03-12,82.461979,82.842812,81.726043,82.105228,1933934
2021-03-15,81.936809,82.648188,81.195212,81.906325,1994617
2021-03-16,81.965105,82.611370,80.141646,80.778556,883128
2021-03-17,80.806670,82.283139,80.302539,81.772979,1050859
2021-03-18,82.002904,82.487618,81.100986,81.583219,3412902
2021-03-19,81.708605,83.414972,81.183135,82.881956,1615195
2021-03-22,82.786132,83.458703,81.794327,82.464284,2119652
2021-03-23,82.544989,83.936734,82.109690,83.496419,853370
2021-03-24,83.369645,85.042417,83.024813,84.692115,2807886
2021-03-25,84.434524,84.992396,83.118312,83.671140,1364882
2021-03-26,83.625802,84.847349,82.882620,84.099953,2862468
2021-03-29,84.000163,84.430770,83.002147,83.429830,1086710
2021-03-30,83.312418,83.766017,82.222763,82.672880,1582110
2021-03-31,82.803270,83.483218,82.168545,82.848149,1007186
2021-04-01,82.825843,83.887432,82.472961,83.531543,2329503
2021-04-05,83.374980,85.003233,82.998830,84.621459,2998571
2021-04-06,84.528475,84.936722,84.045087,84.452970,3061117
2021-04-07,84.473890,85.700504,84.059961,85.282612,3256948
2021-04-08,84.944113,86.111034,84.629538,85.793315,2484606
2021-04-09,85.846999,86.292722,85.423775,85.869387,1672900
2021-04-12,85.884350,86.582143,84.543539,85.236065,3446066
2021-04-13,85.288983,85.865549,84.771685,85.347894,3185362
2021-04-14,85.533192,88.632620,85.047423,88.132091,1415630
2021-04-15,88.316391,88.649867,87.156327,87.486670,1117484
2021-04-16,87.394687,87.916457,86.912433,87.433987,3181934
2021-04-19,87.590963,87.801096,86.613496,86.821784,2350304
2021-04-20,86.834578,88.409798,86.395590,87.965094,1573801
2021-04-21,87.758682,89.854896,87.374730,89.463486,3478533
2021-04-22,89.440461,91.400042,88.662208,90.611599,2640025
2021-04-23,90.567052,92.972102,89.905626,92.298035,1484656
2021-04-26,92.359575,92.556983,92.114051,92.311356,1001898
2021-04-27,92.159626,94.459354,91.484371,93.772282,1142799
2021-04-28,93.613154,94.322150,92.455905,93.161480,1703373
2021-04-29,93.196423,95.353301,92.386223,94.531495,2241982
2021-04-30,94.390182,96.392558,93.870929,95.865191,1489859
2021-05-03,95.767330,96.495276,94.680627,95.405826,2825634
2021-05-04,95.270388,96.608054,94.947315,96.281552,3184773
2021-05-05,96.324526,96.905418,94.854039,95.429533,3036667
2021-05-06,95.447718,95.751923,94.010549,94.311132,3168089
2021-05-07,94.219002,94.658070,92.777774,93.212149,1857282
2021-05-10,92.712014,93.069269,92.004399,92.360299,2501034
2021-05-11,92.454788,93.188798,90.757682,91.483984,3072390
2021-05-12,91.311171,91.773008,90.988476,91.449823,1902046
2021-05-13,91.451608,93.708437,90.694288,92.938802,1584972
2021-05-14,92.835009,93.478320,92.138302,92.781241,1645777
2021-05-17,92.455008,92.809137,91.778853,92.131744,1923247
2021-05-18,92.197970,93.176070,91.768521,92.744078,1024742
2021-05-19,92.634795,93.238292,91.984239,92.587428,3359414
2021-05-20,92.550704,93.212774,92.048766,92.709973,1306134
2021-05-21,92.707191,93.507551,92.285625,93.084271,2646079
2021-05-24,93.450941,93.685182,93.258624,93.492778,1529873
2021-05-25,93.386320,94.083853,92.268643,92.963015,1532890
2021-05-26,92.888695,93.502031,92.186291,92.799035,2867255
2021-05-27,92.665967,94.041512,92.246110,93.617344,3402638
2021-05-28,93.544369,94.303846,92.583573,93.341402,2566119
2021-06-01,93.366117,94.018070,92.526850,93.177485,2260966
2021-06-02,93.110932,93.949656,92.632669,93.469551,2719679
2021-06-03,93.476277,94.317401,93.018933,93.858188,1200833
2021-06-04,93.830671,94.077880,93.379013,93.625682,3400633
2021-06-07,93.584267,94.821046,92.898727,94.131497,3218314
2021-06-08,94.080809,94.421002,93.817484,94.157462,1603901
2021-06-09,94.557135,94.837583,92.810524,93.086611,1638226
2021-06-10,92.933744,94.096844,92.499351,93.659061,952932
2021-06-11,93.644913,94.350322,92.258212,92.958450,2528187
2021-06-14,92.779685,96.435507,91.949561,95.580325,3290938
2021-06-15,95.676291,96.651246,94.883461,95.856920,1360189
2021-06-16,95.954383,96.588972,95.009338,95.641861,1489753
2021-06-17,95.600478,97.232119,94.777419,96.402158,2508529
2021-06-18,96.214759,98.467710,95.464177,97.705498,1717947
2021-06-21,97.816158,99.588689,97.304623,99.070594,1184135
2021-06-22,99.277348,99.763229,98.881675,99.367199,2138388
2021-06-23,99.061842,100.957018,98.466261,100.353670,1079548
2021-06-24,100.195250,101.591208,99.625038,101.016322,1024005
2021-06-25,100.975642,101.355963,100.743076,101.123058,3012791
2021-06-28,101.098237,101.382326,99.500256,99.780643,2769464
2021-06-29,99.770507,100.108293,99.486212,99.823845,3194053
2021-06-30,99.929248,100.510687,96.997074,97.564754,2302972
2021-07-01,97.495040,98.253115,96.057152,96.809900,2810147
2021-07-02,96.789038,98.358170,96.457061,98.021964,2692623
2021-07-06,98.128435,99.046112,97.280322,98.197403,1695007
2021-07-07,98.132491,98.865591,97.442901,98.175697,2699186
2021-07-08,98.426708,98.682984,97.168968,97.422630,3351214
2021-07-09,97.448259,97.962303,96.179792,96.689835,2589679
2021-07-12,96.867373,97.421779,95.557742,96.107801,1314191
2021-07-13,96.166072,96.560642,94.533183,94.922651,2329035
2021-07-14,95.066201,95.824742,92.268934,93.011077,1039282
2021-07-15,93.034766,94.085685,92.835778,93.884879,1750025
2021-07-16,93.929815,95.757747,93.476497,95.297827,2463615
2021-07-19,95.396320,96.093985,94.063405,94.756391,1953460
2021-07-20,94.704811,95.773402,94.349263,95.415187,2218060
2021-07-21,95.709623,95.982321,94.094928,94.363791,2538209
2021-07-22,94.274606,95.196504,93.741303,94.661016,3416588
2021-07-23,94.894749,95.126037,93.258079,93.485933,2844418
2021-07-26,93.457994,94.984735,92.730467,94.251034,2297188
2021-07-27,94.434524,94.975761,93.750625,94.291040,1386631
2021-07-28,94.406466,95.144427,92.479967,93.208564,2073829
2021-07-29,93.450923,94.089435,93.024539,93.662087,3119246
2021-07-30,94.190360,95.427417,93.821188,95.054857,2447790
2021-08-02,95.518605,96.374921,94.196993,95.049100,2568686
2021-08-03,95.020693,95.792157,94.230832,95.002145,2400423
2021-08-04,95.056825,95.600329,94.455040,94.998208,3019599
2021-08-05,94.909392,95.792664,94.209022,95.090955,3344795
2021-08-06,95.165633,96.938332,94.386358,96.150989,3471047
2021-08-09,95.974759,97.871253,95.369293,97.257693,2760389
2021-08-10,97.365009,97.678359,95.103317,95.410377,1201326
2021-08-11,95.198934,96.690726,94.945635,96.434140,2731453
2021-08-12,96.730490,97.427153,95.543754,96.236861,1923356
2021-08-13,96.204932,98.017216,95.862442,97.669512,2125379
2021-08-16,97.483857,98.854012,96.686293,98.051801,1215326
2021-08-17,97.988818,99.250375,97.622262,98.880484,2658283
2021-08-18,98.926935,99.520108,97.807731,98.397731,2414278
2021-08-19,98.219386,98.915812,96.502270,97.191407,2853139
2021-08-20,97.496639,98.007619,96.863443,97.373778,1561063
2021-08-23,97.465813,98.686490,96.976709,98.193733,3160798
2021-08-24,98.113637,99.534383,97.400541,98.816180,1954709
2021-08-25,98.611358,100.332100,97.770014,99.483316,3015814
2021-08-26,99.537112,100.081805,99.108438,99.652633,2295451
2021-08-27,99.740910,101.049916,98.960373,100.265276,1388034
2021-08-30,100.412662,100.685082,99.216896,99.486804,1459856
2021-08-31,99.480576,99.853788,98.948664,99.321279,2908294
2021-09-01,99.176122,99.383356,97.695550,97.900118,2262488
2021-09-02,98.056571,98.759034,97.112740,97.813461,2138142
2021-09-03,97.799951,98.195929,97.105698,97.500463,2680041
2021-09-07,97.336670,98.110109,96.734010,97.506399,1076898
2021-09-08,97.514642,98.654184,97.247708,98.384867,3105182
2021-09-09,98.357385,98.993256,97.762090,98.397717,2037610
2021-09-10,98.321282,98.618197,95.523266,95.812605,1734571
2021-09-13,95.939337,97.513299,95.391085,96.959219,2415507
2021-09-14,96.505785,97.902188,95.656100,97.047731,1754672
2021-09-15,97.182497,98.354447,96.514610,97.683120,1291961
2021-09-16,97.607734,97.970574,96.581063,96.941426,1663834
2021-09-17,96.849631,98.265185,96.208472,97.618932,3196118
2021-09-20,97.548671,99.436985,97.046935,98.928154,1276317
2021-09-21,98.980396,99.363953,97.069204,97.446818,1732198
2021-09-22,97.230710,99.076539,96.643551,98.481825,2137659
2021-09-23,98.460211,98.998072,97.070568,97.603751,2996409
2021-09-24,97.774409,98.069231,96.584911,96.877027,1780621
2021-09-27,97.009858,97.514997,96.321907,96.826089,2062650
2021-09-28,96.638026,99.303550,95.959343,98.611010,1505511
2021-09-29,98.464204,99.179426,96.258398,96.962713,2501985
2021-09-30,96.703241,97.456458,95.601095,96.351573,3495741
2021-10-01,96.101383,97.139441,95.296992,96.333110,843254
2021-10-04,96.474984,97.230257,96.091499,96.845300,1158343
2021-10-05,97.003956,97.660285,96.035787,96.689991,2370696
2021-10-06,96.471859,97.687664,95.796407,97.008456,2752402
2021-10-07,97.335717,97.793999,95.597555,96.049783,1861858
2021-10-08,96.280802,97.444531,95.503579,96.664212,3430172
2021-10-11,96.765374,98.311813,95.989487,97.529796,2171921
2021-10-12,97.453989,97.963360,96.001512,96.505927,1955990
2021-10-13,96.414017,96.663239,95.516073,95.763614,1725257
2021-10-14,95.902672,96.287424,95.664344,96.048732,3209634
2021-10-15,96.141369,97.086292,95.335251,96.279020,1464341
2021-10-18,96.023388,96.930469,95.775550,96.680934,1416542
2021-10-19,96.720947,97.306556,94.982539,95.561126,1691378
2021-10-20,95.596873,95.989176,94.773201,95.163727,2554819
2021-10-21,95.401574,95.933431,94.156441,94.684300,868235
2021-10-22,94.539311,95.989102,94.347393,95.794637,1740896
2021-10-25,95.736866,95.962049,95.429106,95.654095,1373266
2021-10-26,95.622170,96.396433,94.389189,95.159707,1802674
2021-10-27,95.126958,95.463961,93.989545,94.323703,3349290
2021-10-28,94.221767,94.479725,94.008096,94.265954,1705267
2021-10-29,94.495069,95.499012,94.228726,95.230596,2460767
2021-11-01,95.081026,95.936120,92.998432,93.842387,2994951
2021-11-02,93.753556,94.705345,92.931330,93.881993,1046662
2021-11-03,93.717227,94.841155,93.136934,94.257517,1345507
2021-11-04,94.209630,96.229567,93.899152,95.913474,1160329
2021-11-05,96.093270,96.803812,95.737797,96.447030,2345858
2021-11-08,96.478065,97.949813,96.109836,97.577388,3050854
2021-11-09,97.707665,97.982785,97.281135,97.555827,1884952
2021-11-10,97.658704,97.979669,95.957020,96.273433,3040245
2021-11-11,96.241749,96.731179,94.496573,94.979584,1692615
2021-11-12,94.670911,95.087437,93.887699,94.302605,1309313
2021-11-15,94.335634,95.148935,93.545880,94.358985,2492354
2021-11-16,94.351965,94.607832,93.798599,94.053657,2352469
2021-11-17,94.011009,94.612662,92.997502,93.596503,1316320
2021-11-18,93.518885,95.883531,92.734257,95.085756,1328410
2021-11-19,95.046726,95.709372,92.334251,92.982505,1715038
2021-11-22,92.862743,93.371876,91.538216,92.042854,1776448
2021-11-23,91.910785,94.745989,91.185607,94.004294,2415842
2021-11-24,93.895289,94.819516,93.286011,94.208207,2984602
2021-11-26,94.244553,94.465800,93.357349,93.577029,961018
2021-11-29,93.863348,94.466654,91.974436,92.569426,2213053
2021-11-30,92.672935,93.913504,91.953501,93.190055,1148924
2021-12-01,92.872461,94.514212,92.090169,93.724741,1777525
2021-12-02,93.749456,94.866527,93.244445,94.358236,2452474
2021-12-03,94.447720,94.694287,92.953038,93.196338,1443134
2021-12-06,93.338472,94.145677,92.446251,93.252715,2288319
2021-12-07,93.157887,93.884695,92.283209,93.008854,3209113
2021-12-08,92.749728,93.632455,92.445593,93.326430,1957179
2021-12-09,93.469142,93.895195,91.491494,91.910442,2668495
2021-12-10,91.838594,92.760761,91.432123,92.352018,1393131
2021-12-13,92.663160,93.878686,92.379714,93.592397,1109492
2021-12-14,93.400360,94.169784,91.619090,92.380109,3247490
2021-12-15,92.714235,93.641688,92.137532,93.062817,3354871
2021-12-16,92.866171,95.204732,92.109117,94.434890,2937712
2021-12-17,94.769080,95.655826,94.260664,95.145391,2064123
2021-12-20,95.188078,95.471333,94.769411,95.052262,3287461
2021-12-21,95.226430,95.430988,94.910424,95.114742,1834916
2021-12-22,95.225762,96.011551,93.827666,94.608361,2704080
2021-12-23,94.807663,95.419166,94.139696,94.750833,3406681
2021-12-27,94.822085,95.104348,93.533240,93.812497,1776726
2021-12-28,93.971063,94.520256,93.265918,93.814194,1214258
2021-12-29,93.638092,94.038780,92.657584,93.055779,2491414
2021-12-30,93.057872,93.574731,91.283560,91.793396,836976
2021-12-31,91.604507,93.642138,90.985820,93.013931,2986261
2022-01-03,93.020552,93.570848,90.876954,91.417768,1054469
2022-01-04,91.472085,93.637747,90.723399,92.877558,1436095
2022-01-05,92.878550,93.552039,90.355651,91.015631,1797499
2022-01-06,91.210158,92.175890,90.795565,91.758803,2517030
2022-01-07,91.915485,92.197777,91.598704,91.880889,1106508
2022-01-10,92.003721,92.565121,89.950770,90.503013,2955202
2022-01-11,90.678457,90.970901,89.762253,90.052679,3317067
2022-01-12,90.312373,90.717517,88.788075,89.188176,1239503
2022-01-13,89.080200,89.599901,87.870901,88.386555,3249058
2022-01-14,88.345689,89.851689,87.570040,89.069684,2899197
2022-01-18,89.096034,89.442702,87.748239,88.090996,3174265
2022-01-19,87.954779,88.520076,85.975596,86.531747,1301948
2022-01-20,86.469660,87.673746,86.188253,87.389346,1862009
2022-01-21,87.161296,88.453198,86.387189,87.674534,2375642
2022-01-24,87.498541,88.325946,86.824987,87.651217,1657915
2022-01-25,87.878543,88.657280,86.626343,87.400847,2914230
2022-01-26,87.372379,88.240013,87.068628,87.934308,1157974
2022-01-27,87.643247,88.749571,87.107818,88.210676,1252400
2022-01-28,88.259117,88.868407,87.489138,88.097310,2284300
2022-01-31,88.044332,88.314631,87.334614,87.603560,2658978
2022-02-01,87.304928,88.938870,86.822365,88.449978,1564985
2022-02-02,88.333014,90.106145,87.847544,89.613637,1377136
2022-02-03,89.571025,90.725879,88.830477,89.981935,3483948
2022-02-04,90.022571,93.226848,89.275264,92.459312,1091845
2022-02-07,92.363677,93.467192,91.535132,92.636203,3288303
2022-02-08,92.828085,93.177992,92.430507,92.780234,2740318
2022-02-09,92.745152,94.557932,92.258493,94.064350,2322634
2022-02-10,94.466469,94.948991,93.825457,94.307165,1760903
2022-02-11,94.477807,95.025957,93.975466,94.523375,2216290
2022-02-14,94.783845,95.593236,93.403045,94.207515,3090281
2022-02-15,94.435293,95.323325,93.727216,94.613909,2166261
2022-02-16,94.413115,94.627271,92.953402,93.164726,1395609
2022-02-17,93.387410,93.592575,92.337611,92.540916,982324
2022-02-18,92.991790,93.828300,90.803709,91.627950,1854569
2022-02-22,91.926026,92.624058,89.131544,89.813536,2136168
2022-02-23,89.880980,91.116464,89.479763,90.711539,1216769
2022-02-24,90.551678,90.828670,90.159995,90.436635,1570479
2022-02-25,90.631503,91.353284,88.997268,89.711724,2178642
2022-02-28,89.645636,90.461864,89.210267,90.024654,947307
2022-03-01,90.077254,90.880229,88.214961,89.008408,2548590
2022-03-02,89.164581,90.162699,88.750080,89.745497,1236889
2022-03-03,89.943067,91.298737,89.561317,90.912870,3276427
2022-03-04,90.788692,91.303565,89.228881,89.737793,981690
2022-03-07,89.903446,91.352132,89.281778,90.724784,1366238
2022-03-08,90.820360,91.307682,90.416510,90.903463,2669718
2022-03-09,90.868123,92.341396,90.392841,91.860921,3453816
2022-03-10,91.818915,92.513815,91.345582,92.039346,1046142
2022-03-11,92.113691,92.388437,91.071686,91.344136,2342815
2022-03-14,91.635818,92.113682,89.565702,90.035220,3032069
2022-03-15,89.983224,90.378100,88.748674,89.139849,986047
2022-03-16,89.295633,90.096320,87.951915,88.747688,3184552
2022-03-17,88.625124,90.314517,87.943023,89.624722,2965718
2022-03-18,89.548934,90.471188,89.245833,90.165998,3416767
2022-03-21,90.168929,90.647828,89.957805,90.436078,1365524
2022-03-22,90.424809,91.942879,90.164677,91.679139,1374580
2022-03-23,91.664137,92.456502,89.393553,90.173028,2300366
2022-03-24,90.058069,90.373753,88.921586,89.234382,2058153
2022-03-25,89.140643,89.670697,87.806348,88.331591,2891685
2022-03-28,88.270509,89.179537,87.505114,88.412907,3360975
2022-03-29,88.523186,88.830204,86.803399,87.105499,2593439
2022-03-30,87.165529,87.705204,86.133784,86.670394,1697007
2022-03-31,86.796300,88.069361,86.519942,87.789840,1758891
2022-04-01,87.975454,88.828066,87.776021,88.627155,1911156
2022-04-04,88.621118,90.226219,88.323091,89.923811,2208401
2022-04-05,89.822854,90.420870,88.899938,89.495777,3403348
2022-04-06,89.381669,90.008744,88.072687,88.694944,1221783
2022-04-07,88.958619,89.602232,88.309008,88.952578,2915599
2022-04-08,89.098207,89.787645,87.563000,88.245843,1436651
2022-04-11,88.492312,88.928453,87.780973,88.215751,3351833
2022-04-12,88.405347,88.668781,87.887669,88.150343,2681027
2022-04-13,88.134040,89.330624,87.434410,88.627081,1148581
2022-04-14,88.714979,90.545670,88.024677,89.846564,2702771
2022-04-18,89.873452,91.305440,89.613134,91.041738,980427
2022-04-19,91.410009,92.622476,90.667233,91.875914,1776606
2022-04-20,91.977581,92.376219,91.360512,91.758199,3285938
2022-04-21,92.027652,93.113481,91.286717,92.369791,2491651
2022-04-22,92.398310,93.089998,91.418487,92.108002,2660911
2022-04-25,92.334567,92.657787,91.082954,91.402913,2270147
2022-04-26,91.454741,91.999454,89.663519,90.200762,3273722
2022-04-27,90.109836,90.864715,89.037967,89.790168,3052171
2022-04-28,90.012967,90.897586,89.382731,90.265581,2305119
2022-04-29,90.162628,91.428968,89.635715,90.897759,1380583
2022-05-02,90.862928,91.679153,90.185305,91.000504,1440705
2022-05-03,91.138088,92.019606,90.675411,91.554814,1890136
2022-05-04,91.631690,92.230009,90.560086,91.155294,2647563
2022-05-05,91.099385,93.025159,90.707266,92.626467,3112493
2022-05-06,92.646553,93.148890,92.329190,92.830895,1223686
2022-05-09,93.063532,93.317396,92.385971,92.638675,833065
2022-05-10,92.532559,93.994613,91.827121,93.283450,2541245
2022-05-11,92.868382,93.465771,92.638649,93.235131,2285608
2022-05-12,93.421579,93.803634,93.225006,93.606672,1875216
2022-05-13,93.530018,95.710390,92.802541,94.971699,2455866
2022-05-16,94.928564,95.591520,93.706489,94.365513,3470295
2022-05-17,94.505762,95.062599,93.665227,94.220382,2785061
2022-05-18,94.153891,94.941125,93.376065,94.163222,1536070
2022-05-19,94.133508,94.969847,93.468553,94.303690,1247278
2022-05-20,94.503880,96.691393,93.876549,96.053774,3032012
2022-05-23,96.173187,97.612835,95.528117,96.962471,1142841
2022-05-24,96.960900,98.736733,96.471352,98.240723,2633554
2022-05-25,98.102028,98.405487,95.797558,96.094808,2378823
2022-05-26,95.936285,97.351945,95.246398,96.656876,1738078
2022-05-27,96.824130,97.560411,96.296000,97.031151,2342204
2022-05-31,97.138329,98.221803,96.562299,97.642781,1922610
2022-06-01,97.482112,98.402262,96.878268,97.796471,3199238
2022-06-02,97.846510,98.458751,96.735267,97.344366,2822523
2022-06-03,96.982428,98.782862,96.324707,98.117443,2890638
2022-06-06,98.239526,98.733085,97.590333,98.083106,1329007
2022-06-07,98.137345,98.530361,97.827106,98.219862,1450314
2022-06-08,98.094438,98.329605,97.593848,97.828377,1682733
2022-06-09,98.029746,98.800031,97.020131,97.788521,1568425
2022-06-10,97.857321,98.841134,97.422142,98.403526,3481084
2022-06-13,98.346584,100.148742,97.488556,99.282548,3334452
2022-06-14,99.223075,99.884691,98.735935,99.396699,3423536
2022-06-15,99.345441,100.340415,98.626761,99.619751,3293554
2022-06-16,99.768291,100.168610,99.184072,99.583651,3414684
2022-06-17,99.695427,101.103896,99.138393,100.542131,1039856
2022-06-21,100.462379,100.705944,100.050838,100.293995,1167576
2022-06-22,100.073865,101.000786,99.249377,100.175461,2495336
2022-06-23,100.134318,100.808492,99.748770,100.421836,2879366
2022-06-24,100.487380,101.181608,99.488035,100.180141,2969222
2022-06-27,100.030779,101.289200,99.342643,100.597167,2323365
2022-06-28,100.453883,103.053155,99.680837,102.266163,3276818
2022-06-29,102.232265,102.949051,101.697603,102.413441,3333140
2022-06-30,102.467517,104.831706,101.600631,103.952259,866481
2022-07-01,104.068502,105.735917,103.340118,105.001007,2519494
2022-07-05,105.201277,105.748519,104.797063,105.343758,1331166
2022-07-06,104.994505,106.533665,104.648277,106.183516,2938017
2022-07-07,106.375722,108.301632,105.846146,107.765139,2731448
2022-07-08,107.832433,108.271972,106.681208,107.117834,2895682
2022-07-11,107.007919,108.922819,106.083837,107.990254,1824157
2022-07-12,108.145891,109.957853,107.597232,109.402818,2640623
2022-07-13,108.998447,109.627329,108.230431,108.858505,2134316
2022-07-14,108.489179,111.162981,107.726922,110.387388,2781711
2022-07-15,110.773146,111.498103,110.523493,111.247382,2105551
2022-07-18,110.976737,111.354445,110.252366,110.628890,1158617
2022-07-19,110.665779,111.845081,110.112148,111.288336,2348129
2022-07-20,111.058882,111.705955,109.418406,110.059657,833265
2022-07-21,109.958091,110.821442,108.178158,109.034256,1302067
2022-07-22,108.823273,109.243116,107.320466,107.736114,3099830
2022-07-25,107.923412,108.693053,107.401904,108.170352,1840367
2022-07-26,107.768507,108.270077,107.475602,107.976607,3404415
2022-07-27,107.962767,108.195577,107.173591,107.405200,2798843
2022-07-28,107.196760,107.414226,106.839364,107.056546,2799227
2022-07-29,106.840123,107.394597,106.581068,107.134828,2253276
2022-08-01,107.278224,107.493838,106.753645,106.968636,1022375
2022-08-02,106.779135,107.007625,106.412499,106.640693,1876405
2022-08-03,106.606093,107.878249,105.680542,106.949716,1468159
2022-08-04,107.028058,107.849538,105.367085,106.182072,2320507
2022-08-05,106.185226,106.427475,105.571811,105.813212,1877564
2022-08-08,105.926023,107.372211,105.640581,107.083649,1638014
2022-08-09,107.277013,108.289934,106.563982,107.574924,1933631
2022-08-10,107.613643,108.420723,105.182465,105.977272,3417149
2022-08-11,105.905569,108.561283,104.989385,107.630178,2518092
2022-08-12,107.608021,108.162124,106.401111,106.951835,2320063
2022-08-15,106.861024,109.073025,106.515335,108.721318,2756458
2022-08-16,108.901632,109.405746,108.469739,108.973567,3213447
2022-08-17,108.825110,110.585102,108.335672,110.089976,1624995
2022-08-18,110.148651,110.621695,108.020835,108.486742,1899343
2022-08-19,108.605490,109.125702,107.357606,107.874315,1061376
2022-08-22,107.727461,108.107311,107.009118,107.387771,3354526
2022-08-23,107.080446,107.653614,106.406858,106.979485,1486053
2022-08-24,107.132680,107.469509,106.022425,106.356814,2143041
2022-08-25,106.366262,107.237034,105.014165,105.880965,3139259
2022-08-26,105.852988,106.168324,105.577309,105.892542,2233327
2022-08-29,105.880181,106.768845,104.548983,105.433901,2319765
2022-08-30,105.458545,105.836820,105.037914,105.416037,2039341
2022-08-31,105.480896,106.448344,104.889726,105.855077,1897916
2022-09-01,105.826634,106.302818,103.825151,104.294441,3138561
2022-09-02,104.167321,104.515790,103.841414,104.189812,2470439
2022-09-06,104.275324,104.566867,103.107417,103.396503,1185820
2022-09-07,103.519121,104.057083,102.881695,103.419137,3485951
2022-09-08,103.290844,104.386283,103.009302,104.102528,1891582
2022-09-09,103.733651,104.339352,102.309524,102.910417,1479487
2022-09-12,103.095121,103.640770,102.119648,102.663010,2260048
2022-09-13,102.815824,104.274563,102.174512,103.628185,2269835
2022-09-14,103.765110,105.275198,103.216774,104.721807,2233627
2022-09-15,104.630708,105.043804,103.925234,104.337171,3129423
2022-09-16,104.549195,105.831562,104.013067,105.291626,1069779
2022-09-19,105.369941,106.600461,104.456543,105.684338,1884486
2022-09-20,105.618877,106.408712,105.060423,105.849042,3083079
2022-09-21,105.702911,106.533660,104.653941,105.482962,1094591
2022-09-22,105.794691,106.638493,105.009169,105.852541,1095060
2022-09-23,105.880512,107.105054,105.391126,106.612286,902398
2022-09-26,106.605243,107.247946,105.448212,106.087796,2583549
2022-09-27,105.902483,106.996763,105.553782,106.645614,2419200
2022-09-28,106.785760,107.616754,104.831748,105.653935,2245723
2022-09-29,105.609970,106.213443,104.047336,104.645297,1250270
2022-09-30,104.970258,106.095259,104.145511,105.268172,2022179
2022-10-03,105.296974,106.183907,104.279313,105.165136,1219324
2022-10-04,105.257768,105.742641,104.024884,104.506295,2966440
2022-10-05,104.346852,105.795291,103.492266,104.935881,1177621
2022-10-06,104.705284,106.020706,104.395598,105.708054,1495470
2022-10-07,105.526850,106.586658,104.799897,105.857428,2568022
2022-10-10,105.755617,108.105450,105.027741,107.366488,3008462
2022-10-11,107.106771,107.356954,106.560253,106.809742,2264250
2022-10-12,106.593602,107.200914,105.681602,106.287168,2887901
2022-10-13,106.028909,108.025570,105.281292,107.269208,1438388
2022-10-14,107.341292,108.175728,105.579774,106.406947,1807219
2022-10-17,106.553720,107.585256,106.158725,107.187910,1668041
2022-10-18,107.028888,107.772362,105.013287,105.747863,2152008
2022-10-19,106.021913,106.640280,104.293382,104.905236,1498193
2022-10-20,104.978359,105.235276,104.577572,104.834136,1291490
2022-10-21,104.839890,105.517950,103.868471,104.544622,1563335
2022-10-24,104.589898,106.923682,103.753059,106.074961,881669
2022-10-25,106.403420,107.099028,104.572706,105.260845,2153264
2022-10-26,105.385340,105.777058,104.927391,105.318862,1125101
2022-10-27,105.526971,105.851551,105.229779,105.554281,2102108
2022-10-28,106.125762,106.900505,104.770357,105.540830,2937866
2022-10-31,105.491729,107.085377,105.116258,106.705586,3356490
2022-11-01,106.662782,107.483833,105.431297,106.249164,2655449
2022-11-02,106.334845,106.999568,105.181464,105.843113,1435629
2022-11-03,105.656739,106.557753,104.100122,104.995497,2652121
2022-11-04,104.869211,106.369088,104.409834,105.905173,1485554
2022-11-07,105.745331,106.450286,105.529739,106.233698,2940264
2022-11-08,106.571869,106.974253,106.174274,106.576640,2447192
2022-11-09,106.674165,107.635046,105.901099,106.860628,2097748
2022-11-10,106.773368,107.364265,105.297700,105.883674,3157461
2022-11-11,105.720899,106.846351,105.311427,106.434117,1576388
2022-11-14,106.566015,107.726349,105.657642,106.815847,1918729
2022-11-15,106.994938,108.503463,106.762022,108.267777,2517190
2022-11-16,108.190642,109.545236,107.405043,108.755536,3406580
2022-11-17,108.937634,109.615681,107.402206,108.074883,2969631
2022-11-18,107.955835,108.526336,107.287640,107.857621,1828233
2022-11-21,108.090576,110.024378,107.746253,109.675007,2727775
2022-11-22,109.777209,110.516033,107.854348,108.585150,996118
2022-11-23,108.533047,109.115837,106.776122,107.352573,2870680
2022-11-25,107.089753,108.106979,106.638764,107.653615,943721
2022-11-28,107.667344,109.481478,107.309644,109.118955,1953529
2022-11-29,109.213584,109.550524,108.924241,109.261056,2270131
2022-11-30,109.627030,110.465600,107.372774,108.200431,960120
2022-12-01,108.110866,110.685759,107.830930,110.399896,1895486
2022-12-02,110.367971,110.786848,109.306974,109.723405,3325104
2022-12-05,109.551897,111.005971,109.147638,110.597852,1868492
2022-12-06,110.692465,112.461019,110.332932,112.096924,802749
2022-12-07,112.046292,112.877519,111.429356,112.259410,2564894
2022-12-08,112.055581,113.170561,111.818116,112.931240,964918
2022-12-09,112.861702,115.295695,112.070118,114.492672,2156189
2022-12-12,114.428707,115.343815,112.351861,113.257603,863264
2022-12-13,113.076517,114.805546,112.393446,114.116194,1686544
2022-12-14,114.165402,115.686333,113.867730,115.385480,1032603
2022-12-15,115.247815,117.640113,114.364550,116.745371,1506193
2022-12-16,116.633276,117.247935,115.761291,116.374587,1849232
2022-12-19,116.355271,117.926679,115.337570,116.904178,3192136
2022-12-20,116.549990,116.914219,116.002819,116.366474,1271378
2022-12-21,116.391425,116.702562,115.494048,115.803613,2830896
2022-12-22,115.714529,116.546117,114.074014,114.899746,933985
2022-12-23,114.727405,116.438185,113.890246,115.594698,3466252
2022-12-27,115.966625,116.911339,114.904327,115.848075,2177516
2022-12-28,115.928860,117.617813,115.389793,117.073424,1839422
2022-12-29,116.896434,117.171139,114.399458,114.668929,2421322
2022-12-30,114.350232,115.058706,113.105235,113.810365,2825548
2023-01-03,113.648535,114.897412,112.942916,114.188442,1219975
2023-01-04,114.448890,116.693425,113.774391,116.009727,3400668
2023-01-05,115.542421,116.538132,114.326228,115.320023,1525144
2023-01-06,115.395708,116.114194,112.858754,113.565846,2746826
2023-01-09,113.327407,113.774945,112.578649,113.024993,3400493
2023-01-10,113.057342,113.869568,112.184851,112.996641,1158939
2023-01-11,113.443229,114.503604,112.811962,113.869962,1383610
2023-01-12,114.095999,115.304541,113.866834,115.073412,2258558
2023-01-13,115.138348,116.843062,114.162600,115.861189,3234820
2023-01-17,115.796046,116.450668,115.164871,115.819366,2466356
2023-01-18,115.968722,118.883585,115.151497,118.051681,1457362
2023-01-19,117.856242,118.572322,116.671618,117.384835,3283901
2023-01-20,117.158331,117.948639,116.650995,117.440083,3064820
2023-01-23,117.443331,118.757132,116.805653,118.115802,3499754
2023-01-24,118.490263,119.011399,117.117145,117.634517,2467549
2023-01-25,117.687777,118.327005,116.813157,117.451100,3027014
2023-01-26,117.689347,118.551330,117.318724,118.179164,1419527
2023-01-27,118.042556,118.896712,116.441059,117.289768,3202092
2023-01-30,117.307583,117.628933,116.829595,117.150514,1579012
2023-01-31,116.837931,117.896303,115.987566,117.044435,1622169
2023-02-01,117.070843,119.831665,116.730916,119.484729,3354158
2023-02-02,119.338411,121.066691,118.698225,120.420699,3052734
2023-02-03,120.675831,121.736527,118.700800,119.753389,2124147
2023-02-06,119.890502,121.560067,118.960399,120.624272,1048453
2023-02-07,120.749968,121.392099,118.932859,119.568708,1777592
2023-02-08,119.822501,120.848171,119.065787,120.089769,1440828
2023-02-09,119.999414,120.527640,117.902047,118.423335,3093600
2023-02-10,117.925250,120.260408,116.938997,119.262968,1771013
2023-02-13,118.872923,120.021934,118.018376,119.165285,2761683
2023-02-14,119.148104,119.632417,117.365101,117.844114,2669434
2023-02-15,117.553010,118.599833,117.310166,118.355332,2700897
2023-02-16,118.168696,119.665904,117.824606,119.318466,1843639
2023-02-17,119.160908,120.301767,118.665906,119.804092,3104925
2023-02-21,119.833427,120.714269,119.185485,120.065074,1361519
2023-02-22,119.441500,120.303925,117.896124,118.753582,2493778
2023-02-23,118.864855,120.331877,118.214688,119.677266,3182948
2023-02-24,119.772799,120.603837,116.661025,117.476128,3466565
2023-02-27,117.430410,118.098084,116.289010,116.953974,3214223
2023-02-28,116.897765,120.054556,115.941245,119.080178,2289431
2023-03-01,119.443433,120.349843,116.803413,117.696567,2540078
2023-03-02,117.678370,118.138485,115.468549,115.921795,1116964
2023-03-03,115.376968,116.329142,114.082973,115.032302,3183073
2023-03-06,115.273449,115.881154,114.859867,115.466879,3362264
2023-03-07,115.196436,116.035412,114.592518,115.430268,2483303
2023-03-08,115.411133,117.124994,114.786846,116.494845,1289936
2023-03-09,116.807644,117.362023,116.034189,116.587523,2226378
2023-03-10,116.352832,116.908239,115.002418,115.554011,3264574
2023-03-13,115.463003,117.255647,114.752884,116.538911,2466615
2023-03-14,116.649020,117.274906,115.374324,115.996710,2490442
2023-03-15,115.926096,117.305145,115.340705,116.715767,2169478
2023-03-16,116.844805,118.824343,116.215253,118.187556,3305951
2023-03-17,118.052098,119.073809,117.731306,118.751117,2321490
2023-03-20,118.629084,120.892167,117.900288,120.154003,3094049
2023-03-21,120.115017,120.783852,118.253572,118.915730,997250
2023-03-22,118.860630,119.399209,117.973586,118.510580,1979435
2023-03-23,118.579448,119.496384,117.826182,118.742085,1474801
2023-03-24,118.920916,119.291492,117.192644,117.558975,1868497
2023-03-27,117.821107,119.725019,117.085587,118.982251,1316567
2023-03-28,118.681681,120.803979,118.208492,120.324240,2667782
2023-03-29,120.224913,121.423758,119.674461,120.870350,1598013
2023-03-30,120.861036,121.924711,120.495769,121.557339,1609107
2023-03-31,121.765955,122.118461,121.116733,121.468377,2620524
2023-04-03,121.642759,121.917188,120.114961,120.386557,883866
2023-04-04,120.157057,120.997175,118.946548,119.784058,1784130
2023-04-05,120.203951,121.276908,118.497866,119.565121,2744485
2023-04-06,119.517270,120.390624,118.984370,119.856213,1376592
2023-04-10,120.356019,121.193629,118.930411,119.763900,1954465
2023-04-11,119.581245,120.826898,118.865461,120.107961,2119005
2023-04-12,119.972190,120.404923,118.341386,118.769782,2199887
2023-04-13,119.093696,119.549088,117.583197,118.034538,2683489
2023-04-14,117.934008,119.009849,117.185075,118.258853,973306
2023-04-17,118.268209,119.871044,117.714177,119.312121,2187277
2023-04-18,119.553944,120.175535,117.053763,117.665536,1634176
2023-04-19,117.779283,118.807152,117.033804,118.059897,1866641
2023-04-20,118.494450,119.871291,117.495846,118.869525,1487638
2023-04-21,118.728048,119.464491,118.115966,118.851772,1198666
2023-04-24,118.895374,119.770752,118.111041,118.985823,2519565
2023-04-25,118.833322,119.673525,117.777673,118.616342,3231846
2023-04-26,118.774462,119.825364,117.575366,118.624946,1993119
2023-04-27,118.829059,119.594742,117.523020,118.285198,1361756
2023-04-28,118.394831,119.297751,115.889734,116.780341,1185796
2023-05-01,116.553323,119.104099,115.686764,118.225110,2893378
2023-05-02,118.331232,119.528964,117.410416,118.606009,1027888
2023-05-03,118.394093,119.088308,117.419323,118.111883,2061225
2023-05-04,117.953243,120.373992,117.132934,119.542630,3036425
2023-05-05,119.444718,120.061447,118.688678,119.304684,1035033
2023-05-08,119.326757,120.927759,118.432367,120.028112,3135068
2023-05-09,120.123929,120.511419,117.953132,118.334851,3383370
2023-05-10,118.171367,118.593284,117.346313,117.766784,3176215
2023-05-11,117.708562,119.214639,117.435200,118.938421,1586302
2023-05-12,119.339090,121.369492,118.512111,120.534230,1244963
2023-05-15,120.488696,123.083840,120.004649,122.591345,1436654
2023-05-16,122.669496,124.550387,122.319564,124.196100,1138176
2023-05-17,124.037576,126.691107,123.588952,126.234537,894163
2023-05-18,126.735899,127.259219,125.017401,125.535765,2251294
2023-05-19,125.367886,126.100371,123.331034,124.055853,2975424
2023-05-22,124.000149,124.466938,121.060897,121.518343,2518734
2023-05-23,121.440849,122.591595,120.541607,121.690504,3075072
2023-05-24,121.617384,121.991680,121.119086,121.492999,2285877
2023-05-25,121.655671,123.937429,120.935000,123.207564,1255486
2023-05-26,123.126170,123.779280,122.371156,123.023724,1824819
2023-05-30,123.143152,125.851240,122.178760,124.873299,2843633
2023-05-31,125.285773,125.988018,122.525165,123.215808,3436931
2023-06-01,122.952546,125.833670,122.357010,125.227117,2233775
2023-06-02,125.101289,126.114049,124.207731,125.219645,1055084
2023-06-05,124.973842,127.877042,123.937462,126.825308,3266450
2023-06-06,126.806865,128.645557,126.186448,128.019208,1681724
2023-06-07,127.868457,128.430520,126.559638,127.118405,2042336
2023-06-08,127.207235,129.295467,126.145288,128.225023,1406455
2023-06-09,127.429876,128.537913,126.517006,127.623655,1924937
2023-06-12,127.807413,129.215111,127.324787,128.729005,1861730
2023-06-13,128.537696,129.958040,128.079728,129.496655,2834500
2023-06-14,129.514463,130.961449,128.637304,130.080457,1418508
2023-06-15,129.557778,130.388011,129.161774,129.990684,2558041
2023-06-16,130.228001,130.543125,129.492551,129.806655,1845754
2023-06-20,129.280582,130.866876,128.396981,129.978505,803490
2023-06-21,129.619729,130.522228,126.435056,127.321553,1127923
2023-06-22,127.318094,129.244603,126.619610,128.539418,2624915
2023-06-23,128.248647,129.021689,127.779612,128.551546,2585561
2023-06-26,128.322551,129.939112,127.291687,128.903580,1744844
2023-06-27,129.324395,130.069900,127.203982,127.941516,3110583
2023-06-28,127.986021,129.230518,127.149464,128.391313,2089663
2023-06-29,128.239406,129.294827,126.910235,127.963385,928555
2023-06-30,127.769000,130.919288,126.757311,129.890798,2214634
2023-07-03,130.000281,130.902207,127.479179,128.369792,1474618
2023-07-05,128.476999,130.372707,128.021303,129.911922,1603323
2023-07-06,129.769740,130.159886,128.700882,129.088982,1782547
2023-07-07,128.562704,130.390967,127.791399,129.613359,1453036
2023-07-10,129.383525,130.267770,128.537407,129.421405,1834228
2023-07-11,128.769305,129.508600,127.668573,128.405780,2980716
2023-07-12,128.087993,128.995210,125.268091,126.161664,2140493
2023-07-13,126.216166,127.823655,125.498840,127.101299,1552648
2023-07-14,127.350743,128.068575,124.549900,125.255924,1987918
2023-07-17,125.471379,126.298501,124.008363,124.831265,2220069
2023-07-18,124.888912,127.112164,124.186124,126.400868,2679557
2023-07-19,126.553319,128.793530,125.793566,128.024942,1732515
2023-07-20,127.610659,128.959091,127.110548,128.455669,1972589
2023-07-21,128.527581,129.116217,126.118870,126.699131,1792504
2023-07-24,126.226153,126.985239,125.888973,126.646934,2495272
2023-07-25,126.349635,127.215724,125.959105,126.823728,1403741
2023-07-26,126.802818,127.268860,125.543432,126.006548,1494852
2023-07-27,126.430872,128.357835,125.705764,127.625874,2077062
2023-07-28,127.438372,128.574381,126.859130,127.992620,835801
2023-07-31,127.724759,129.109394,127.071181,128.452093,1148340
2023-08-01,128.536318,129.278990,127.685424,128.427467,1904726
2023-08-02,128.553275,129.679745,125.850460,126.962996,817389
2023-08-03,126.650731,127.724100,124.934850,126.002728,1945493
2023-08-04,125.994467,126.473313,124.522257,124.997313,1625123
2023-08-07,124.784924,127.278361,123.982596,126.465229,2502241
2023-08-08,126.585666,127.114997,126.079848,126.609086,3471702
2023-08-09,126.662682,128.103711,125.788469,127.225612,2682674
2023-08-10,127.216293,128.348705,126.671703,127.801609,1018942
2023-08-11,127.736867,128.685246,127.423902,128.370729,815001
2023-08-14,128.433208,131.465278,127.403420,130.419563,2267327
2023-08-15,130.180693,132.317279,129.400485,131.528990,1862509
2023-08-16,131.897467,133.143794,130.752730,131.998183,2982653
2023-08-17,132.463876,133.048318,131.709912,132.293603,2718957
2023-08-18,132.479753,134.696532,131.947256,134.157292,3186222
2023-08-21,133.881143,134.323514,131.689088,132.125659,830663
2023-08-22,132.527968,134.453619,131.929311,133.848994,1256303
2023-08-23,133.494820,134.627179,132.218364,133.349490,2875882
2023-08-24,133.513330,134.660687,132.919632,134.064539,3227223
2023-08-25,134.243383,134.557655,133.555554,133.868949,1914739
2023-08-28,133.917589,134.331168,133.627542,134.040853,1076113
2023-08-29,134.275611,134.636231,133.517496,133.877046,3324536
2023-08-30,134.234520,134.621980,129.337101,129.711505,1724744
2023-08-31,129.427978,130.570917,127.376696,128.511541,1356952
2023-09-01,128.773918,129.274844,127.174150,127.670785,2535618
2023-09-05,127.505328,128.007517,125.749619,126.246851,1038590
2023-09-06,126.240833,127.180101,123.298282,124.222534,2363111
2023-09-07,123.981042,125.677795,123.191572,124.882584,2070126
2023-09-08,124.794987,125.645307,122.965079,123.808679,3255178
2023-09-11,123.808706,124.295525,123.508860,123.995227,2231628
2023-09-12,123.888109,126.291884,123.012018,125.405065,3147765
2023-09-13,125.441887,126.292290,123.416656,124.259039,1613800
2023-09-14,124.182941,125.203903,123.104499,124.124984,1794777
2023-09-15,124.049664,126.499095,123.030342,125.468117,3481431
2023-09-18,125.417192,126.046966,124.556114,125.184720,2714739
2023-09-19,125.058505,125.688298,124.199225,124.827857,1284270
2023-09-20,125.152687,125.999284,121.693842,122.522648,3215992
2023-09-21,122.251250,125.107631,121.233683,124.074885,1429269
2023-09-22,124.443949,124.789980,123.509180,123.853570,1577688
2023-09-25,123.766725,124.568710,121.622338,122.415568,2109607
2023-09-26,122.128765,124.409013,121.127797,123.397645,1272237
2023-09-27,123.056623,124.163882,121.867831,122.974350,3214977
2023-09-28,122.845244,123.459249,122.323445,122.937059,3012856
2023-09-29,122.900897,123.977632,121.184825,122.255909,1185186
2023-10-02,122.322677,124.022813,121.414630,123.108929,2231627
2023-10-03,123.493686,124.465885,122.925554,123.895903,2031789
2023-10-04,123.594008,124.058359,122.958091,123.421795,1790426
2023-10-05,123.571582,124.652676,122.408924,123.489298,2435514
2023-10-06,123.654484,126.266948,122.668814,125.268414,3496986
2023-10-09,125.041861,126.328201,124.208085,125.491427,2536143
2023-10-10,125.592215,126.209218,124.413121,125.027349,1242086
2023-10-11,125.374832,126.989728,125.057365,126.668983,3496972
2023-10-12,126.937535,127.345857,125.580948,125.986210,2124370
2023-10-13,125.833553,126.442303,125.517093,126.125109,2037973
2023-10-16,126.445648,127.048196,124.221472,124.816255,1904546
2023-10-17,124.851992,125.133253,123.613268,123.892368,2617473
2023-10-18,123.850612,124.451149,122.734465,123.332489,1506306
2023-10-19,123.244338,124.451778,122.802538,124.007243,1502606
2023-10-20,124.184283,125.916896,123.505863,125.232748,1123091
2023-10-23,125.231114,126.296530,123.736334,124.798066,2160289
2023-10-24,124.922773,126.194002,124.441082,125.709277,2252544
2023-10-25,125.640121,126.245746,125.066856,125.672334,1041439
2023-10-26,125.648562,126.971794,125.218361,126.538547,1340933
2023-10-27,126.626017,127.340794,125.008446,125.718098,955478
2023-10-30,125.797095,126.996463,124.904291,126.101499,2903636
2023-10-31,126.020637,126.524817,125.501456,126.005576,3269760
2023-11-01,126.004647,126.873683,125.370126,126.237988,2396644
2023-11-02,126.145040,130.275153,125.085306,129.189840,2133393
2023-11-03,129.210346,129.966739,128.864924,129.620221,2183091
2023-11-06,129.294942,132.136204,128.537770,131.366899,1853014
2023-11-07,131.220743,133.037347,130.934040,132.747309,2462279
2023-11-08,133.003981,134.090425,129.973068,131.043498,2091391
2023-11-09,131.095501,132.000438,130.733438,131.636880,1293152
2023-11-10,131.631758,134.168044,130.504958,133.029281,1102123
2023-11-13,132.740858,133.823708,130.232584,131.303712,2315664
2023-11-14,131.329775,132.189574,129.622767,130.476982,2619273
2023-11-15,130.413871,135.873152,129.281350,134.703381,2675417
2023-11-16,134.570067,135.552679,133.966997,134.947917,1300945
2023-11-17,135.302261,136.252601,133.610554,134.555650,1558629
2023-11-20,134.100912,135.114631,133.728869,134.740813,2632145
2023-11-21,134.773409,135.409199,133.225774,133.857243,2355178
2023-11-22,134.114565,134.418244,133.830946,134.134583,2907843
2023-11-24,134.392150,135.318251,133.631693,134.556862,2082250
2023-11-27,134.691099,135.399559,133.657627,134.364369,2086518
2023-11-28,134.413119,136.931702,133.734942,136.244286,2006020
2023-11-29,136.196768,138.962187,135.758206,138.516156,2522037
2023-11-30,138.595309,141.050752,137.538404,139.983263,3263710
2023-12-01,139.984063,140.778992,138.390129,139.180495,2673376
2023-12-04,139.163827,139.580141,138.281851,138.696767,957349
2023-12-05,138.710773,139.438367,136.474843,137.194483,2937061
2023-12-06,137.468107,138.594439,136.724559,137.848832,1505252
2023-12-07,137.847145,139.073771,136.205748,137.428650,1803855
2023-12-08,137.254102,137.628197,136.531665,136.904808,1926746
2023-12-11,136.629598,137.690136,135.173014,136.230454,3248090
2023-12-12,136.287091,137.678695,135.295670,136.684384,829641
2023-12-13,136.215285,137.864187,135.394750,137.038692,959961
2023-12-14,137.305606,138.334160,134.770669,135.787853,1232785
2023-12-15,135.578078,138.822782,134.597861,137.826311,1718900
2023-12-18,137.926536,139.115551,137.021039,138.208205,3291974
2023-12-19,138.547279,139.210124,136.034719,136.688672,960594
2023-12-20,136.848652,138.363943,136.395489,137.907275,2574218
2023-12-21,138.272795,138.905958,136.387443,137.014846,2666276
2023-12-22,137.617999,139.881323,137.192958,139.450622,2400878
2023-12-26,139.668731,141.772741,139.225837,141.324597,2387187
2023-12-27,141.030420,143.272514,139.967025,142.200298,1425242
2023-12-28,142.586275,146.629260,141.395305,145.414666,2171576
2023-12-29,145.532152,146.417849,143.560411,144.439458,2889378
2024-01-02,144.758750,145.496026,144.292349,145.028755,820664
2024-01-03,145.319194,145.618237,144.579590,144.877724,3104550
2024-01-04,144.598880,145.808669,142.700115,143.904091,2693713
2024-01-05,144.236891,145.051375,141.633566,142.437891,1146782
2024-01-08,142.197906,145.330941,140.954551,144.071205,2026205
2024-01-09,143.993836,145.283229,142.662482,143.951495,1865647
2024-01-10,143.562041,143.884163,142.588104,142.908760,3333886
2024-01-11,143.276408,143.573589,142.127268,142.422678,3387700
2024-01-12,142.353233,146.965127,142.057032,146.659964,2352751
2024-01-16,146.743437,147.995465,145.643378,146.894275,1102794
2024-01-17,146.379535,146.944076,145.599304,146.163009,980160
2024-01-18,145.914329,146.866240,145.112369,146.063460,3403712
2024-01-19,146.235575,149.080905,145.000834,147.832678,1971973
2024-01-22,148.146398,148.980017,147.047976,147.880096,2779172
2024-01-23,147.830527,148.622291,147.032142,147.823870,1170003
2024-01-24,147.564583,148.870214,146.622519,147.925844,1079423
2024-01-25,147.855812,148.628467,146.650964,147.421349,2812609
2024-01-26,147.419680,147.932299,146.757833,147.269931,2459235
2024-01-29,147.332918,149.782721,146.863298,149.306809,904143
2024-01-30,149.252185,150.184182,148.270632,149.202318,2928095
2024-01-31,149.532903,150.387026,148.426974,149.279650,3248451
2024-02-01,149.037753,150.232211,144.449998,145.617041,2864539
2024-02-02,145.740042,147.604820,144.861058,146.719926,2307869
2024-02-05,146.786812,148.947231,146.396549,148.552274,2877372
2024-02-06,148.789124,150.068265,146.553869,147.824719,1257668
2024-02-07,147.442329,149.926572,146.168439,148.642315,1435267
2024-02-08,148.565318,149.767396,146.183083,147.375535,1734245
2024-02-09,147.441686,148.827247,146.597629,147.980108,1900384
2024-02-12,148.204701,149.930343,146.918146,148.640009,1068606
2024-02-13,148.669228,149.282449,145.251951,145.853558,1243368
2024-02-14,146.072438,148.794058,144.759216,147.468286,2058617
2024-02-15,147.445899,150.716339,146.153524,149.406777,2183666
2024-02-16,149.292006,150.634449,148.047344,149.388979,2032879
2024-02-20,149.021476,150.229450,146.898463,148.098960,3199129
2024-02-21,148.350934,149.408601,147.206334,148.263377,2702981
2024-02-22,149.125956,150.254679,147.118666,148.240688,2151609
2024-02-23,147.800269,149.983120,147.490080,149.669010,2523051
2024-02-26,149.545204,150.896803,148.422086,149.771982,2484723
2024-02-27,149.503591,150.747321,148.535771,149.777727,1292853
2024-02-28,149.827559,152.618030,148.543266,151.320936,1926112
2024-02-29,151.847518,153.507443,150.754940,152.410812,918187
2024-03-01,152.296776,153.231880,151.802506,152.736184,2887415
2024-03-04,153.065094,153.904956,151.155551,151.989511,2079683
2024-03-05,152.007898,152.428385,150.735093,151.153216,3310529
2024-03-06,150.858345,151.902753,149.391537,150.433000,1806254
2024-03-07,150.159703,150.735017,148.971524,149.544481,2695444
2024-03-08,149.819454,150.371717,148.690187,149.240316,1430827
2024-03-11,149.151332,151.763977,148.436064,151.039654,2839270
2024-03-12,151.426417,152.037277,150.173011,150.781268,2328243
2024-03-13,150.891418,151.523311,150.016151,150.647020,2119571
2024-03-14,150.739868,152.030803,146.819824,148.088048,1053113
2024-03-15,147.775142,150.946741,146.533710,149.689229,3306379
2024-03-18,149.584612,150.147169,148.831587,149.393426,878534
2024-03-19,148.890343,151.778452,147.590016,150.464379,1001952
2024-03-20,150.597719,152.357072,149.602393,151.356729,2999293
2024-03-21,151.310126,152.406340,149.586379,150.678013,2402000
2024-03-22,151.064313,152.646185,149.982724,151.561039,1424043
2024-03-25,151.389808,151.798988,149.345335,149.750082,1333343
2024-03-26,149.814448,150.628640,148.211380,149.021261,3435703
2024-03-27,148.881439,151.795479,148.358295,151.263962,1410625
2024-03-28,151.511063,152.714011,149.007266,150.199804,3496352
2024-04-01,149.869272,151.694362,149.175495,150.995371,1553200
2024-04-02,151.001150,152.008356,150.225471,151.231493,960465
2024-04-03,151.105974,151.955407,149.513017,150.358247,3485739
2024-04-04,149.753404,153.630195,148.737068,152.594577,1477027
2024-04-05,152.337718,153.504414,151.460325,152.625364,2145031
2024-04-08,152.980301,155.239237,151.634326,153.885300,3086757
2024-04-09,154.176024,157.566370,153.618574,156.998714,3343225
2024-04-10,156.953392,157.898802,154.152285,155.086449,3435895
2024-04-11,155.502032,155.850178,154.813589,155.160972,1229413
2024-04-12,155.282043,157.118868,154.815183,156.647901,1965580
2024-04-15,156.847482,157.335252,156.213573,156.700888,3422419
2024-04-16,156.697335,159.981046,155.297782,158.564813,3013525
2024-04-17,158.334497,160.255809,157.749721,159.666114,2083144
2024-04-18,159.632328,161.325950,158.493176,160.182869,828045
2024-04-19,160.581291,161.573349,160.070622,161.061154,2274821
2024-04-22,160.977651,161.449732,159.609917,160.079363,3154425
2024-04-23,159.304641,159.827884,157.490387,158.009376,1053146
2024-04-24,158.103280,159.223285,154.478541,155.580675,2008198
2024-04-25,155.427722,156.725249,154.834430,156.129279,3298197
2024-04-26,155.392162,155.973125,154.288155,154.867154,1511221
2024-04-29,154.776128,157.559178,154.153596,156.927990,2169702
2024-04-30,156.833459,158.078197,154.127679,155.360728,2173002
2024-05-01,155.330962,155.723573,152.666934,153.053789,2949125
2024-05-02,153.176818,154.554498,149.056382,150.409170,2519449
2024-05-03,150.312225,153.634955,149.162340,152.468573,1858614
2024-05-06,152.482385,153.637617,151.515260,152.669306,1806735
2024-05-07,152.415286,154.384283,151.608542,153.571419,820461
2024-05-08,153.239562,154.110184,151.118472,151.981950,2703763
2024-05-09,151.979612,154.671327,151.563192,154.248689,1431685
2024-05-10,154.092993,154.408276,151.967841,152.279413,1754850
2024-05-13,152.100665,153.472414,150.964745,152.334746,900426
2024-05-14,152.073765,152.519123,151.377444,151.822065,3300869
2024-05-15,151.804699,154.053586,151.125365,153.367259,3194906
2024-05-16,152.954853,153.357955,151.487000,151.887289,947689
2024-05-17,151.670071,152.669478,150.413861,151.411564,2633113
2024-05-20,151.152876,151.653963,150.574041,151.074869,2002850
2024-05-21,151.465884,152.531934,150.008517,151.071793,1062121
2024-05-22,151.179013,151.855946,150.503023,151.179952,1247924
2024-05-23,151.199089,153.257870,150.223661,152.275497,2273740
2024-05-24,152.741206,154.333480,152.096503,153.684793,1170220
2024-05-28,153.271916,154.374692,152.227555,153.329936,1429695
2024-05-29,153.426343,154.127446,152.528031,153.228229,2189679
2024-05-30,153.535540,154.439465,152.660815,153.564574,3481646
2024-05-31,153.507816,155.018814,152.706388,154.213701,1018032
2024-06-03,154.083681,154.788795,153.466366,154.171129,1408950
2024-06-04,154.044050,155.998282,153.083168,155.031242,1299697
2024-06-05,155.106478,156.954312,153.711656,155.555453,2088004
2024-06-06,155.608221,157.480164,154.941072,156.807872,3407453
2024-06-07,156.683107,157.867205,154.850432,156.029591,2211355
2024-06-10,156.344196,157.104013,155.676697,156.436121,1484100
2024-06-11,156.764358,157.269726,155.230939,155.732982,3437785
2024-06-12,155.911605,157.302427,151.973945,153.341843,2609468
2024-06-13,152.838943,153.388784,151.915942,152.464436,1345224
2024-06-14,152.477003,153.186420,152.069709,152.778321,3440003
2024-06-17,152.723020,153.947608,150.947083,152.167214,1419925
2024-06-18,151.830476,152.683244,150.050459,150.897989,1892398
2024-06-20,151.007016,152.555912,150.364741,151.909797,1520919
2024-06-21,151.592501,154.050327,151.236391,153.689292,2503873
2024-06-24,153.901914,155.567087,153.058146,154.718840,3437894
2024-06-25,154.972278,156.633295,154.118590,155.775184,2784580
2024-06-26,155.735303,156.449272,153.300944,154.006989,1508437
2024-06-27,154.443932,155.189247,154.103425,154.847849,1960843
2024-06-28,154.497277,158.286111,153.481757,157.252481,3479516
2024-07-01,157.710597,160.188914,156.747713,159.216834,3055759
2024-07-02,159.277280,160.119212,158.594162,159.435416,2418955
2024-07-03,159.376182,162.453277,158.159195,161.222195,990247
2024-07-05,161.155808,161.804008,160.308863,160.956260,1029821
2024-07-08,161.416086,162.511180,159.465707,160.554960,1676348
2024-07-09,160.569576,161.898001,159.993992,161.319729,816798
2024-07-10,161.224375,163.065075,160.200188,162.035734,2087404
2024-07-11,162.703339,164.111437,159.825287,161.220552,2359903
2024-07-12,161.264891,162.126155,160.164600,161.024581,2546071
2024-07-15,161.683335,163.226060,161.132938,162.672297,1718645
2024-07-16,162.624283,163.330750,161.329471,162.033371,1930333
2024-07-17,162.182964,163.224859,161.300406,162.341438,3071607
2024-07-18,162.060829,164.196769,160.766044,162.895317,1093110
2024-07-19,162.662700,165.293731,161.792845,164.414509,1436442
2024-07-22,164.366704,164.964153,163.781672,164.379077,3427344
2024-07-23,163.910435,165.967917,162.833530,164.884611,1286644
2024-07-24,164.715630,167.393425,164.079696,166.749638,2491430
2024-07-25,166.447276,166.841652,165.717566,166.111145,2592408
2024-07-26,165.954354,166.504226,164.674063,165.221507,2357095
2024-07-29,165.519217,165.853097,162.882761,163.211987,2956458
2024-07-30,163.138497,165.489715,162.020929,164.363753,1228652
2024-07-31,164.247803,165.425786,162.552472,163.726718,1622316
2024-08-01,163.442247,164.331979,162.087856,162.975046,1766172
2024-08-02,163.102063,163.471734,160.051903,160.415485,2141107
2024-08-05,160.473608,160.797045,159.500476,159.822601,2614038
2024-08-06,160.233410,161.374469,157.354320,158.482913,2892472
2024-08-07,158.600659,159.257869,157.417682,158.072705,2632807
2024-08-08,158.324960,158.991915,156.951592,157.615559,3010568
2024-08-09,157.694408,158.814205,156.563796,157.683515,2315475
2024-08-12,158.112369,160.379542,157.765183,160.028149,2354876
2024-08-13,159.616830,160.387702,157.724258,158.489686,1950561
2024-08-14,158.602521,159.621371,157.378824,158.396350,2679983
2024-08-15,158.113939,158.885835,156.849935,157.619416,1582586
2024-08-16,157.177034,158.632142,155.770967,157.225640,1971601
2024-08-19,157.179483,158.871533,155.795911,157.485270,3423555
2024-08-20,157.197995,159.889202,156.088189,158.768309,841103
2024-08-21,158.996061,159.607179,158.349115,158.960094,3359085
2024-08-22,159.010892,160.689237,157.633363,159.309125,1699658
2024-08-23,159.081914,161.352990,158.039335,160.302412,2351318
2024-08-26,160.078999,161.578038,159.073266,160.569225,3411001
2024-08-27,160.773018,161.259337,159.531386,160.015414,1510860
2024-08-28,160.044181,161.497353,158.611694,160.064682,883018
2024-08-29,160.415439,161.469372,159.267345,160.320655,2701395
2024-08-30,160.115570,161.226681,157.046392,158.143820,1076301
2024-09-03,158.794071,160.522001,157.585981,159.309985,1865818
2024-09-04,159.107224,161.034824,157.721224,159.644147,1426048
2024-09-05,159.017396,161.658227,158.115393,160.746417,954535
2024-09-06,160.779506,161.785600,160.159034,161.163645,2462477
2024-09-09,161.643311,162.558322,158.606137,159.509066,2548506
2024-09-10,159.295414,160.153048,157.824540,158.678854,2363669
2024-09-11,158.293310,159.299206,157.757064,158.761375,2739074
2024-09-12,158.107883,158.471312,156.791628,157.152862,3219557
2024-09-13,156.808954,159.906216,155.830599,158.914723,1609936
2024-09-16,158.834660,159.474003,156.704995,157.338314,3095706
2024-09-17,157.326771,161.066950,156.018073,159.738193,3165445
2024-09-18,159.823284,161.053207,159.015844,160.243642,3439417
2024-09-19,160.637985,162.423401,159.369395,161.150761,2022105
2024-09-20,160.859627,161.617894,158.820925,159.573129,911960
2024-09-23,159.788887,161.063757,157.998414,159.269136,2598211
2024-09-24,159.219915,160.625585,157.456259,158.858741,3434567
2024-09-25,159.282788,161.649563,158.566705,160.926093,3298572
2024-09-26,161.005058,164.528661,160.388095,163.900603,2067220
2024-09-27,164.004316,167.349488,163.340725,166.675091,2665755
2024-09-30,166.772732,167.359697,162.710003,163.284693,2801413
2024-10-01,163.071294,164.080960,162.509415,163.517544,3485048
2024-10-02,163.229342,164.515448,160.600551,161.875993,1790418
2024-10-03,161.862557,162.370699,161.426030,161.933980,1408226
2024-10-04,161.629844,162.448832,160.660608,161.478831,977694
2024-10-07,161.914889,162.870169,158.383693,159.323684,1977779
2024-10-08,158.920351,159.653761,157.105115,157.833510,2167638
2024-10-09,157.885524,159.415232,157.361224,158.887604,1249517
2024-10-10,158.952079,160.078534,157.729067,158.854834,3104153
2024-10-11,158.698710,159.272944,157.570232,158.142454,2431295
2024-10-14,158.034227,159.693871,156.794779,158.451154,2571483
2024-10-15,158.496398,159.811134,155.824599,157.127984,2973254
2024-10-16,157.379231,158.805289,156.706917,158.129769,1651958
2024-10-17,158.167202,158.522236,157.423782,157.777942,1045527
2024-10-18,157.869860,159.981340,157.289031,159.394900,1139829
2024-10-21,159.402715,159.959861,156.243295,156.791314,1892138
2024-10-22,157.542881,158.724068,156.221653,157.401782,3074888
2024-10-23,157.059684,158.002884,156.020909,156.963532,1962755
2024-10-24,156.302420,157.687294,153.854693,155.230066,817959
2024-10-25,155.617050,156.913125,152.760957,154.043931,2454933
2024-10-28,154.377703,155.587913,153.052955,154.262260,2122113
2024-10-29,154.350842,156.022409,153.542764,155.209833,1514564
2024-10-30,154.818635,155.303730,154.270716,154.755613,2110282
2024-10-31,155.132906,155.693465,154.076691,154.635453,1431226
2024-11-01,154.870203,155.847550,153.145832,154.118435,2840733
2024-11-04,154.313462,154.933368,152.937892,153.554750,2451053
2024-11-05,153.917642,156.976235,153.220305,156.268249,1970566
2024-11-06,156.108768,158.714116,154.787992,157.382564,2958388
2024-11-07,157.075965,160.607398,156.163188,159.679492,1136741
2024-11-08,159.719872,160.576595,158.408697,159.262969,1136788
2024-11-11,159.225235,161.253669,157.938258,159.960747,2083324
2024-11-12,159.765616,160.320027,159.369858,159.923877,2908817
2024-11-13,159.948116,162.285000,159.198125,161.527603,1707949
2024-11-14,161.171090,163.062027,160.151466,162.036925,2868903
2024-11-15,161.990677,165.342156,161.134803,164.473166,2893037
2024-11-18,164.742838,165.881428,163.740133,164.877902,3498571
2024-11-19,164.448606,165.395470,163.525122,164.471856,2249768
2024-11-20,164.209262,164.796530,162.620521,163.204194,2318755
2024-11-21,162.896503,163.490805,161.898480,162.491303,1849276
2024-11-22,161.977174,164.848127,160.843033,163.701910,2610515
2024-11-25,163.757966,164.874611,161.999551,163.111789,3248519
2024-11-26,163.041499,163.742467,162.643929,163.344159,2709772
2024-11-27,163.025126,165.139860,162.461029,164.570415,978489
2024-11-29,164.701318,167.954731,163.258081,166.495770,1631763
2024-12-02,166.299714,167.782754,163.565337,165.037118,1382658
2024-12-03,165.046314,165.664796,164.121381,164.738710,1855440
2024-12-04,164.560945,165.670554,161.946838,163.046234,1745731
2024-12-05,163.114891,164.350854,162.114714,163.349241,1661142
2024-12-06,163.625250,164.381711,162.573464,163.328554,1662292
2024-12-09,162.929339,164.791866,161.799015,163.656497,2158013
2024-12-10,163.655220,164.531684,161.046333,161.913468,854127
2024-12-11,161.791652,163.017851,160.106384,161.329076,3392658
2024-12-12,161.147014,161.958217,158.201104,159.001507,2958211
2024-12-13,158.930475,160.557305,158.268055,159.890882,2900614
2024-12-16,159.710133,160.592259,158.325719,159.205056,3212897
2024-12-17,159.502929,159.947625,157.870938,158.312315,845964
2024-12-18,158.230335,159.588938,157.363063,158.718988,3449335
2024-12-19,158.620550,160.675044,157.615422,159.663309,3032648
2024-12-20,160.102922,160.640554,158.389384,158.923054,2190129
2024-12-23,159.085567,159.443497,158.605683,158.963337,2810134
2024-12-24,158.776795,160.136156,157.987971,159.344512,1243148
2024-12-26,159.224161,160.090823,158.050286,158.915267,1273577
2024-12-27,158.939171,160.362309,156.195193,157.606398,840615
2024-12-30,157.507013,158.671711,155.471975,156.630189,2257792
2024-12-31,156.440561,159.020700,155.046005,157.615669,1729260
2025-01-02,157.549742,158.807410,156.598364,157.854193,2190578
2025-01-03,157.600410,159.013637,154.862450,156.263691,2706274
2025-01-06,156.656959,157.250206,154.962553,155.551614,1944109
2025-01-07,155.873251,156.914354,155.371236,156.410608,2339488
2025-01-08,156.166955,156.791761,155.746609,156.370866,2783387
2025-01-10,156.587212,157.412096,154.424983,155.242785,2973153
2025-01-13,155.125489,156.280535,152.470644,153.614439,2075965
2025-01-14,153.286691,154.706464,152.366365,153.783158,1004054
2025-01-15,153.725151,156.741269,152.945356,155.950188,1681214
2025-01-16,156.141401,156.880395,154.915688,155.652368,1495325
2025-01-17,155.987891,156.726807,153.710201,154.441794,1660498
2025-01-21,154.386504,154.847056,152.744209,153.201226,2643211
2025-01-22,153.157944,155.529474,152.077333,154.439818,3242851
2025-01-23,154.643329,155.265238,151.131949,151.742191,1268568
2025-01-24,152.013010,153.288387,149.727378,150.994209,2056898
2025-01-27,150.535884,151.329960,149.990148,150.783327,2035539
2025-01-28,151.081755,152.087529,148.868852,149.866536,1595824
2025-01-29,149.554870,153.095812,148.913331,152.441888,2356464
2025-01-30,152.715949,153.916349,151.410853,152.610423,964979
2025-01-31,153.009197,153.708378,151.998094,152.695842,1665956
2025-02-03,152.702611,155.006666,151.667388,153.962899,1263833
2025-02-04,153.750744,154.720559,152.829896,153.799420,2610410
2025-02-05,153.701233,154.781226,150.399495,151.463766,2532576
2025-02-06,151.765286,153.126645,150.324267,151.684905,1932101
2025-02-07,151.453732,151.945854,150.463798,150.954297,1161441
2025-02-10,150.486719,151.423273,149.179347,150.113579,1607162
2025-02-11,150.230837,152.037578,149.845504,151.648609,853106
2025-02-12,151.635900,152.954191,149.122237,150.430044,1925233
2025-02-13,150.248157,151.113669,149.521370,150.386215,2593827
2025-02-14,150.621821,151.901967,149.031126,150.308610,3252300
2025-02-18,150.524584,151.068443,150.077583,150.621156,2637755
2025-02-19,150.630875,154.597329,149.314328,153.257822,2278887
2025-02-20,153.195517,154.048086,151.176118,152.022156,1256143
2025-02-21,151.810586,152.396897,151.299079,151.885139,1368584
2025-02-24,151.827284,154.090751,151.010017,153.265741,1310961
2025-02-25,152.647577,154.094159,151.827584,153.270818,1415219
2025-02-26,152.859449,154.075045,151.056097,152.266982,1428688
2025-02-27,152.052706,153.237685,150.414204,151.595620,2474541
2025-02-28,151.683018,154.276273,150.468296,153.050600,2766232
2025-03-03,152.458979,153.709619,150.098128,151.339586,1407226
2025-03-04,151.227373,154.010725,150.763919,153.540183,2495624
2025-03-05,153.742953,157.121835,152.555151,155.917235,2241999
2025-03-06,155.895436,157.243006,154.678778,156.025335,2832546
2025-03-07,155.779435,157.723917,154.582270,156.521053,2943697
2025-03-10,156.841901,157.861248,156.118071,157.136061,2063830
2025-03-11,157.394860,158.352562,155.738134,156.691557,3290611
2025-03-12,156.993361,157.827433,156.330404,157.163757,907942
2025-03-13,157.120619,158.026257,153.478990,154.368766,2383123
2025-03-14,154.209424,155.064443,151.324231,152.167931,2695307
2025-03-17,151.809982,152.203442,150.568479,150.959735,3413798
2025-03-18,150.823831,151.127337,149.723905,150.025805,1275674
2025-03-19,149.935158,151.475703,149.117598,150.654222,1856689
2025-03-20,150.640922,151.979011,149.558010,150.894279,3456401
2025-03-21,151.182932,153.027038,150.070717,151.909478,3447600
2025-03-24,151.950506,153.027908,150.820816,151.897845,1938652
2025-03-25,151.908582,152.448747,151.362796,151.902941,1232513
2025-03-26,151.614762,153.771609,150.343429,152.492913,2479648
2025-03-27,152.232376,153.150478,150.510278,151.423502,1165754
2025-03-28,151.377418,152.480278,149.171101,150.265863,1037674
2025-03-31,150.373565,150.677901,149.168961,149.471471,2257580
2025-04-01,149.576030,150.712603,146.560232,147.682416,964544
2025-04-02,147.585576,148.382320,146.218766,147.012416,1659836
2025-04-03,146.915354,148.200931,145.415416,146.699101,1462848
2025-04-04,146.130992,146.771999,144.742939,145.380654,1514063
2025-04-07,145.908312,146.305643,143.902643,144.295582,2507331
2025-04-08,144.253350,145.398263,142.399461,143.538702,2207316
2025-04-09,143.217297,145.604378,142.515066,144.893927,824249
2025-04-10,144.581309,147.322033,143.809378,146.539646,1173167
2025-04-11,146.525167,147.637995,144.411761,145.516931,2481275
2025-04-14,145.347115,148.079508,144.125237,146.845038,2817219
2025-04-15,146.862986,147.424921,146.193621,146.755144,1510120
2025-04-16,146.361904,146.953614,144.880676,145.468775,1503155
2025-04-17,145.420543,146.143445,144.428142,145.149698,3343873
2025-04-21,145.462893,146.635127,143.093114,144.255618,2345820
2025-04-22,144.084832,145.131063,142.270153,143.310763,934873
2025-04-23,143.043663,144.310724,140.345329,141.599598,803383
2025-04-24,141.318997,142.089694,140.962932,141.732586,2910669
2025-04-25,141.514021,141.958267,139.387545,139.826493,2615345
2025-04-28,139.735139,140.103042,138.636303,139.002276,2211935
2025-04-29,139.281063,140.163920,138.700796,139.582397,1513522
2025-04-30,139.829170,142.456093,139.006991,141.623364,2672947
2025-05-01,141.215117,141.982093,140.644111,141.410298,3244917
2025-05-02,141.338706,142.391751,140.407179,141.459429,1920556
2025-05-05,141.142426,143.138857,140.289566,142.279128,3127968
2025-05-06,142.207067,142.941670,141.265971,141.999502,930244
2025-05-07,141.777879,144.315752,140.982643,143.510796,1382943
2025-05-08,143.645565,144.726780,139.628274,140.687222,3230706
2025-05-09,140.634513,141.614892,140.019817,140.998604,1873515
2025-05-12,141.295767,142.407850,138.783548,139.884524,1082768
2025-05-13,139.923540,140.523620,139.366421,139.966332,3095916
2025-05-14,140.356456,142.290420,139.487918,141.415330,2438456
2025-05-15,141.432076,142.113001,140.674897,141.355454,1693931
2025-05-16,141.125134,142.158662,139.701753,140.732404,2900456
2025-05-19,141.111176,142.228839,139.618013,140.732678,1371940
2025-05-20,140.672814,141.921266,138.844874,140.088137,2182106
2025-05-21,139.590198,140.942081,138.733947,140.082808,2620359
2025-05-22,140.181450,140.610736,139.078403,139.505619,3246321
2025-05-23,139.784633,140.180335,138.105157,138.497214,2463460
2025-05-27,138.286118,138.825449,136.232261,136.765662,1003139
2025-05-28,136.696200,138.472226,135.547495,137.318294,3478358
2025-05-29,137.468659,137.815650,136.469961,136.815303,2874729
2025-05-30,136.814946,137.999745,134.021329,135.192074,822433
2025-06-02,135.185689,136.315361,132.549364,133.666340,3074043
2025-06-03,133.272355,134.318308,132.562102,133.606276,976957
2025-06-04,133.322026,134.492666,131.312853,132.476065,2465981
2025-06-05,132.136951,133.084404,131.592207,132.538006,2274366
2025-06-06,132.737768,134.023762,132.343634,133.626987,1336402
2025-06-09,133.679294,137.734009,133.080373,137.119674,2813992
2025-06-10,137.080936,137.774980,136.694644,137.387823,2810317
2025-06-11,137.626638,139.980146,136.752007,139.096176,2640067
2025-06-12,139.496441,140.644342,136.027308,137.155950,1849952
2025-06-13,137.193671,137.526265,135.960655,136.291062,3223520
2025-06-16,135.989129,137.079352,135.297149,136.385356,2592755
2025-06-17,136.336665,137.587980,135.531602,136.780297,2724215
2025-06-18,136.239281,136.684612,134.448354,134.889272,1535244
2025-06-20,134.716412,137.014759,133.673825,135.962529,3231460
2025-06-23,135.929335,137.417318,135.010390,136.494552,3221234
2025-06-24,136.079949,137.225042,135.661440,136.804305,2246305
2025-06-25,136.844625,137.699236,136.395232,137.248516,3429604
2025-06-26,137.435046,137.868938,136.133964,136.565109,3047280
2025-06-27,136.398211,138.761961,135.258773,137.612381,3047606
2025-06-30,137.457039,138.167173,137.036510,137.745761,1994747
2025-07-01,137.943322,138.960455,136.237687,137.249705,2704788
2025-07-02,137.360055,138.395614,136.748863,137.782543,2144201
2025-07-03,138.094620,138.708599,135.868111,136.474889,807443
2025-07-07,136.751553,137.905210,134.763468,135.910026,3106755
2025-07-08,135.573662,136.560350,134.349902,135.334852,900242
2025-07-09,135.173191,136.418431,134.262989,135.505988,1230590
2025-07-10,135.236902,135.852335,134.405845,135.020292,1926905
2025-07-11,134.944154,136.375148,133.741698,135.170674,1813969
2025-07-14,134.775289,135.378529,132.977934,133.575805,941861
2025-07-15,133.534423,133.803317,131.878180,132.144274,1875836
2025-07-16,132.068237,132.901162,131.743106,132.574784,2325996
2025-07-17,132.726839,133.913638,131.282794,132.467272,3035969
2025-07-18,132.817795,133.690951,130.702251,131.567185,3494019
2025-07-21,131.952865,132.458067,131.299648,131.804280,1617298
2025-07-22,131.265515,132.766253,130.613260,132.109803,2992097
2025-07-23,132.159817,134.231240,131.115630,133.179000,1091672
2025-07-24,133.176315,134.589177,132.209889,133.619535,1621254
2025-07-25,133.270513,133.822736,132.209799,132.759907,2584447
2025-07-28,133.120914,134.223393,131.709792,132.809693,1806355
2025-07-29,132.703987,134.788782,131.895871,133.972939,1016008
2025-07-30,134.114889,135.682972,133.058245,134.622330,2811309
2025-07-31,134.876685,136.084486,132.712080,133.911236,2583722
2025-08-01,133.857716,136.159471,132.957677,135.250069,2824874
2025-08-04,135.649988,136.151773,133.941753,134.439058,3247409
2025-08-05,133.942995,135.155736,133.006485,134.217308,1130559
2025-08-06,134.507444,135.082152,131.625491,132.190299,1572173
2025-08-07,131.879015,133.111651,131.044503,132.274636,1466686
2025-08-08,132.482946,133.221248,131.878477,132.616171,2220351
2025-08-11,132.381095,133.432601,131.319881,132.371310,1073799
2025-08-12,132.287936,132.858937,131.778154,132.348919,2834794
2025-08-13,132.543878,133.542524,130.549993,131.541084,2560089
2025-08-14,131.753216,132.886990,130.965652,132.097370,968399
2025-08-15,132.531174,133.710042,130.335071,131.504810,2833907
2025-08-18,131.882000,133.052482,130.961675,132.130423,2937131
2025-08-19,131.907422,133.525328,130.984041,132.597120,2920458
2025-08-20,132.530272,133.318635,131.907386,132.694975,3313904
2025-08-21,132.899580,134.152894,131.820518,133.072429,2443842
2025-08-22,133.119595,134.566084,131.981327,133.425203,2763500
2025-08-25,133.267399,134.049787,132.503138,133.285424,2044432
2025-08-26,133.338472,134.356379,130.652964,131.658043,2842127
2025-08-27,131.846205,134.488823,130.892702,133.523193,2918039
2025-08-28,133.745481,137.019334,132.899642,136.158236,1801351
2025-08-29,136.533709,136.947768,136.145347,136.559333,1139839
2025-09-02,136.369925,136.785743,135.393813,135.807917,2517012
2025-09-03,135.803929,136.747021,135.253503,136.195010,2020886
2025-09-04,136.317218,137.035511,134.077485,134.787718,2397186
2025-09-05,134.461798,136.168087,133.842883,135.544190,816136
2025-09-08,135.398925,138.695245,134.265166,137.543528,1431209
2025-09-09,137.455642,138.808203,136.907582,138.256948,889815
2025-09-10,137.964702,139.607261,137.399283,139.037446,3317588
2025-09-11,138.687963,139.250018,136.378369,136.933314,1545364
2025-09-12,137.247049,137.977901,135.976742,136.704706,3017635
2025-09-15,136.337581,136.739274,134.993429,135.392338,2818030
2025-09-16,135.650748,138.295631,134.841245,137.475241,2517704
2025-09-17,137.641095,138.685814,136.490728,137.534638,3204884
2025-09-18,137.332763,138.182317,136.501686,137.351128,1533989
2025-09-19,137.543261,138.530851,137.171625,138.157555,2991895
2025-09-22,137.986428,140.006010,137.568925,139.583675,2199785
2025-09-23,139.494453,141.380886,138.647509,140.527669,2715551
2025-09-24,140.390104,141.523806,138.737265,139.866741,999381
2025-09-25,139.701218,141.240150,138.968887,140.503613,1217297
2025-09-26,140.762419,142.199176,139.928301,141.361508,3002821
2025-09-29,141.407225,141.901254,140.727388,141.220765,1613111
2025-09-30,141.375990,143.135623,140.538786,142.292989,2798612
2025-10-01,142.372319,142.815290,141.203635,141.644341,3238854
2025-10-02,142.442120,143.586085,141.413692,142.556829,2463728
2025-10-03,142.291094,144.749438,141.721895,144.172712,2302241
2025-10-06,144.321733,146.157051,143.129835,144.959883,2435078
2025-10-07,145.389823,145.865424,143.669633,144.141150,1239793
2025-10-08,143.978412,146.126514,142.846033,144.986209,1690197
2025-10-09,144.992337,147.354760,143.962389,146.315413,2737040
2025-10-10,146.764004,147.996862,146.255605,147.485963,3465868
2025-10-13,148.056396,148.370781,146.307127,146.618458,1443205
2025-10-14,147.038623,148.002430,145.900807,146.863465,3442314
2025-10-15,147.491462,148.065424,146.680481,147.253516,2440151
2025-10-16,147.396377,152.662696,146.210036,151.443779,862458
2025-10-17,151.519826,153.843191,150.350814,152.665341,2683110
2025-10-20,153.027920,154.014653,151.716049,152.700672,2678562
2025-10-21,153.208660,155.309902,152.474174,154.568894,1726429
2025-10-22,154.405438,155.420190,153.613540,154.627155,2689570
2025-10-23,155.247491,156.184163,154.037455,154.972467,2640478
2025-10-24,155.086398,158.239906,154.345321,157.487356,2550929
2025-10-27,157.251025,160.572435,156.284993,159.592022,2780224
2025-10-28,160.094938,160.896827,159.600953,160.401896,2449098
2025-10-29,160.381914,161.482682,158.658050,159.754511,1318697
2025-10-30,159.546475,160.762559,154.911588,156.101412,2385117
2025-10-31,156.372312,157.130928,155.860482,156.618293,2430565
2025-11-03,156.509574,157.375380,154.846490,155.707861,1293168
2025-11-04,155.466474,158.816935,154.156890,157.490303,2562156
2025-11-05,157.923722,160.240906,157.081269,159.390628,1209976
2025-11-06,159.037839,160.228526,156.828686,158.011691,1151241
2025-11-07,158.036195,158.685062,155.947826,156.590759,854203
2025-11-10,156.948907,158.325741,154.966214,156.337686,3249759
2025-11-11,156.486962,158.044248,155.237578,156.792425,2744581
2025-11-12,156.499391,159.204487,155.661903,158.357058,1654653
2025-11-13,158.228181,158.768742,156.338303,156.874238,2534415
2025-11-14,156.703392,157.536109,153.490240,154.310240,2730822
2025-11-17,154.565601,155.133394,153.550524,154.116667,2057572
2025-11-18,153.795454,154.897262,152.530930,153.631564,3038056
2025-11-19,154.294199,155.626721,152.310756,153.637606,2576688
2025-11-20,153.567838,156.099172,153.164268,155.690025,2143980
2025-11-21,155.671848,156.746646,154.067132,155.138247,1423173
2025-11-24,154.779974,157.675316,153.764014,156.647101,931508
2025-11-25,156.736933,157.681234,155.540914,156.483689,1924805
2025-11-26,156.368430,158.349444,155.292329,157.267158,1110081
2025-11-28,157.107334,159.539846,156.149525,158.573101,3419603
2025-12-01,158.098909,159.605713,157.048488,158.552280,1181983
2025-12-02,158.979182,159.958410,155.519132,156.482984,3136345
2025-12-03,156.512034,157.238081,154.508485,155.228577,864148
2025-12-04,154.896769,156.214715,153.756574,155.073222,3448062
2025-12-05,154.894897,155.820715,152.204575,153.119783,2174636
2025-12-08,153.344880,153.968597,150.780072,151.395862,1267718
2025-12-09,151.379121,152.507932,149.631342,150.755503,2513844
2025-12-10,150.879395,151.949786,148.423693,149.484186,2346946
2025-12-11,149.181607,150.951615,148.715242,150.481188,1264611
2025-12-12,150.762689,152.728421,149.483611,151.443566,1641789
2025-12-15,151.010009,151.315916,147.863882,148.164023,826408
2025-12-16,148.131726,149.677299,147.404600,148.946175,2042584
2025-12-17,148.441957,149.753964,146.704494,148.012707,3012115
2025-12-18,148.121337,148.995136,146.898573,147.770301,1031894
2025-12-19,147.894889,150.653994,146.846243,149.593306,2092423
2025-12-22,149.584207,151.096822,148.291919,149.802648,1518823
2025-12-23,149.942757,150.886518,148.538267,149.479110,3255809
2025-12-24,149.715187,150.824854,147.307222,148.407194,1303842
2025-12-26,148.114625,149.227725,147.517534,148.628562,2270798
2025-12-29,148.508562,150.476425,147.454977,149.416399,1683295
2025-12-30,149.142820,151.586470,148.126886,150.560877,3077787
2025-12-31,150.866507,151.240134,149.619298,149.990756,1440355
2026-01-02,149.433400,153.976016,148.133529,152.648180,1442444
2026-01-05,152.316011,153.106726,151.811725,152.601494,2291919
2026-01-06,152.388094,156.440377,151.091338,155.120370,1259712
2026-01-07,154.987020,155.961177,154.382838,155.355558,1824501
2026-01-08,155.746697,158.487700,155.046865,157.778738,852563
2026-01-09,157.471539,161.537517,156.123850,160.166761,2950209
2026-01-12,160.085293,161.454642,157.816792,159.178385,889681
2026-01-13,159.184143,160.506518,157.771249,159.092866,2910571
2026-01-14,159.281224,160.330470,157.936283,158.983568,3161355
2026-01-15,158.955622,160.938590,158.163918,160.140982,978826
2026-01-16,160.206587,160.947778,158.318551,159.054412,3492967
2026-01-20,159.061540,160.199489,156.466488,157.593938,1942831
2026-01-21,157.667455,163.353798,156.316290,161.965798,1698229
2026-01-22,162.015283,164.060427,161.142752,163.181615,3029266
2026-01-23,162.691615,165.916174,161.830622,165.042739,2133108
2026-01-26,165.104767,166.610740,164.013895,165.517144,1758868
2026-01-27,165.469178,167.100243,164.586844,166.213939,819102
2026-01-28,166.136692,168.421871,165.246047,167.523790,1635361
2026-01-29,167.677461,169.293125,166.555087,168.167471,1253841
2026-01-30,168.459296,169.226254,167.278584,168.043649,3341056
2026-02-02,168.462747,168.848831,167.420281,167.804857,3401089
2026-02-03,167.870933,171.172913,166.813834,170.101766,1789368
2026-02-04,170.087070,170.814199,168.535171,169.258759,2251319
2026-02-05,169.338943,171.566959,168.230543,170.451279,2406139
2026-02-06,170.018092,172.023063,168.776687,170.776123,2451114
2026-02-09,170.667024,171.733091,169.546858,170.612585,3117937
2026-02-10,170.265402,173.114741,169.228577,172.066946,2329625
2026-02-11,172.716298,173.084165,171.214143,171.579589,914374
2026-02-12,171.873009,172.713176,167.725184,168.549104,1677932
2026-02-13,168.656577,170.895148,167.763390,169.994874,2275373
2026-02-17,170.420396,171.479283,169.330337,170.389028,1964060
2026-02-18,170.787218,171.750193,170.121265,171.083087,3362816
2026-02-19,171.194239,174.151908,169.952834,172.898147,1105497
2026-02-20,173.233787,173.895901,172.195628,172.856299,836605
2026-02-23,172.990776,176.257086,171.694655,174.946313,2889798
2026-02-24,175.343499,175.956418,174.025131,174.635576,2043907
2026-02-25,174.551922,179.123630,173.610987,178.163227,1136738
2026-02-26,178.216162,178.578441,175.961511,176.319936,2560327
2026-02-27,176.458228,176.858232,175.912629,176.312302,1850077
2026-03-02,176.591855,177.391211,175.063500,175.859541,3032393
2026-03-03,175.643533,176.591506,172.938682,173.877121,3463503
2026-03-04,173.988464,175.083299,171.215919,172.300131,1538594
2026-03-05,172.079562,172.966687,171.346371,172.232843,2244648
2026-03-06,172.258273,173.581597,168.189687,169.491758,3423537
2026-03-09,168.933772,170.455676,167.809302,169.328577,3278367
2026-03-10,168.649919,171.136866,167.831140,170.310027,2355938
2026-03-11,170.161791,170.561888,168.059163,168.455248,1750800
2026-03-12,168.462950,169.196154,166.358935,167.086147,3254094
2026-03-13,166.753310,168.241934,163.270763,164.741427,1046336
2026-03-16,165.399460,165.915869,163.332433,163.843987,1277245
2026-03-17,163.524745,164.363392,162.525562,163.363381,2886153
2026-03-18,163.043107,163.521600,161.477861,161.953155,2965998
2026-03-19,161.920496,162.907976,159.703135,160.683068,2316320
2026-03-20,160.510869,162.080114,159.115628,160.683373,1343508
2026-03-23,160.768132,162.344432,159.407801,160.982289,1002500
2026-03-24,160.671940,161.373974,158.352559,159.047496,1866598
2026-03-25,159.259841,160.123910,157.227347,158.085042,1627317
2026-03-26,157.675989,158.038186,156.504998,156.865333,2193578
2026-03-27,156.642577,157.126810,153.930294,154.407618,1255308
2026-03-30,154.308861,155.528858,152.886600,154.104986,884427
2026-03-31,153.797053,154.822133,153.432559,154.456078,2743297
2026-04-01,154.553628,155.376247,153.737318,154.559905,1896604
2026-04-02,154.546097,155.393256,152.303888,153.143358,2214249
2026-04-06,153.312691,155.079021,152.653116,154.414706,2660879
2026-04-07,154.088939,156.061000,153.368924,155.335162,1788401
2026-04-08,155.226030,156.613394,152.776599,154.154385,3094782
2026-04-09,154.096742,155.386834,152.198840,153.483801,1949049
2026-04-10,153.686041,155.237853,152.915811,154.463726,2805866
2026-04-13,154.474555,155.037551,153.015961,153.575681,3237050
2026-04-14,153.701983,155.896158,152.733148,154.919647,806995
2026-04-15,155.068544,157.939090,153.956382,156.814407,3159250
2026-04-16,157.155350,157.947100,155.727959,156.516490,2684517
2026-04-17,156.568627,157.673864,155.291540,156.395555,946599
2026-04-20,155.887456,157.442085,154.700892,156.252740,2720811
2026-04-21,156.106678,159.066805,154.944735,157.891576,1521093
2026-04-22,158.363252,160.163450,157.117249,158.913120,1543965
2026-04-23,158.802934,159.691036,156.424529,157.304249,1579386
2026-04-24,157.489792,157.983452,154.755208,155.241821,3251019
2026-04-27,155.767689,157.164307,152.813907,154.196438,1215667
2026-04-28,154.126681,155.408329,152.277853,153.554744,1962642
2026-04-29,153.517867,154.677706,150.856426,152.004835,3342807
2026-04-30,151.864555,153.449257,151.424329,153.005723,2286450
2026-05-01,153.346440,154.244267,152.040987,152.936413,3341813
2026-05-04,152.967173,154.704916,152.255772,153.988763,3181171
2026-05-05,153.757254,156.011328,152.931863,155.178308,2949365
2026-05-06,155.045279,156.004951,152.817157,153.768929,1122393
2026-05-07,153.578426,156.985709,152.983339,156.379767,2845563
2026-05-08,155.997345,159.441489,155.022774,158.451585,2368470
2026-05-11,158.657162,159.070793,157.577985,157.989876,2803176
2026-05-12,158.307660,159.610748,155.328595,156.617773,2602906
2026-05-13,157.121304,158.232388,154.210165,155.308429,2336446
2026-05-14,155.187701,157.230499,153.810421,155.847365,1762175
2026-05-15,156.139544,156.696786,154.371965,154.924871,1167078
2026-05-18,155.622318,156.842466,153.937153,155.153626,1519674
2026-05-19,154.584228,157.856991,154.179166,157.444436,1420648
2026-05-20,157.156855,158.103487,156.199305,157.145871,1530288
2026-05-21,156.887346,158.253895,155.109194,156.472127,3166456
2026-05-22,157.050210,157.847295,156.082826,156.879042,950334
2026-05-26,157.026121,157.845313,156.298977,157.117745,1628856
2026-05-27,157.132163,157.465622,155.179640,155.509656,2118988
2026-05-28,155.457338,156.484434,151.875669,152.885774,2939693
2026-05-29,152.740416,153.307082,151.856951,152.422437,2777025
2026-06-01,152.129510,153.132947,150.651537,151.651823,2101540
2026-06-02,151.571582,152.144561,150.205556,150.775525,1422078
2026-06-03,150.429820,151.385005,149.664829,150.619051,887710
2026-06-04,150.797911,151.760777,150.077238,151.038952,3347995
2026-06-05,151.095049,151.632885,149.173748,149.706642,2476731
2026-06-08,149.801177,151.769907,148.531503,150.494358,2451681
2026-06-09,151.021233,152.135382,148.074637,149.175167,986165
2026-06-10,149.506120,150.375701,147.899405,148.764673,2265964
2026-06-11,148.977811,149.545313,148.289424,148.856463,1689301
2026-06-12,149.049960,149.983554,148.729847,149.662127,1547028
2026-06-15,149.627715,151.941004,148.846762,151.152095,1057498
2026-06-16,151.494815,151.979238,151.084272,151.568495,1439716
2026-06-17,151.681515,151.995319,151.015683,151.328758,3361757
2026-06-18,151.260129,152.037188,150.947232,151.723332,1920298
2026-06-22,151.730407,153.239439,150.588794,152.095082,2469497
2026-06-23,152.213222,153.261091,150.025871,151.065842,2854922
2026-06-24,150.917350,151.690455,150.146111,150.919206,2092152
2026-06-25,151.184067,152.030797,149.507478,150.349534,2847853
2026-06-26,151.102432,151.825402,149.857636,150.578098,1861236
2026-06-29,150.287225,151.206578,147.305197,148.211854,2226707
2026-06-30,148.058516,148.631724,145.640690,146.206729,2294759
2026-07-01,146.158258,146.579580,142.816513,143.229392,1486783
2026-07-02,143.279354,144.668496,142.720117,144.106032,1424649
2026-07-06,143.930102,145.212206,142.159111,143.436821,3037162
2026-07-07,143.741106,144.217052,142.802865,143.277276,2354978
2026-07-08,143.249689,143.589591,140.347950,140.681759,2656741
2026-07-09,140.961054,141.909405,140.283877,141.230932,3270530
2026-07-10,141.448486,142.576012,140.266781,141.393872,1684569
2026-07-13,141.313559,143.545031,140.726599,142.951268,2903006
2026-07-14,143.099773,145.731248,142.139103,144.759436,2404038
2026-07-15,145.392114,146.289137,144.257192,145.152738,3141222
2026-07-16,145.069531,146.286610,143.975828,145.191983,1875123
2026-07-17,145.011125,146.374798,144.137909,145.498647,2479594
2026-07-20,146.085196,146.742354,144.605695,145.259138,2222484
2026-07-21,145.221530,145.634025,144.360433,144.771649,2153495
2026-07-22,144.532159,145.383372,143.801395,144.652002,1296983
2026-07-23,144.136085,146.059989,142.890943,144.809034,1440259
2026-07-24,144.975553,145.425500,143.264071,143.710091,2622500
2026-07-27,143.781038,144.182632,142.781903,143.181823,1773358
2026-07-28,142.731260,146.584235,141.628112,145.459996,2201727
2026-07-29,145.520954,146.058997,144.146023,144.680960,2868337
2026-07-30,144.205576,145.085249,143.163529,144.042206,3044047
2026-07-31,144.210670,145.338511,143.382840,144.508969,2616984
2026-08-03,144.841143,145.337212,142.731589,143.222114,1005219
2026-08-04,143.259955,143.714984,142.164982,142.617972,1391483
2026-08-05,142.997927,144.088550,139.594247,140.667093,3169976
2026-08-06,140.240706,140.973953,139.727294,140.459740,1242545
2026-08-07,139.937675,140.738744,138.376568,139.173261,1594320
2026-08-10,139.420771,140.031273,135.923821,136.521628,1806668
2026-08-11,136.144544,137.236021,135.794702,136.884279,1642377
2026-08-12,136.839708,138.884815,135.641037,137.678794,2484788
2026-08-13,138.123665,138.791945,136.629040,137.293302,2860253
2026-08-14,137.454501,140.388461,136.563261,139.484062,2000163
2026-08-17,139.422411,140.167066,136.529144,137.262262,3221571
2026-08-18,137.210459,138.387457,134.103868,135.264171,2469245
2026-08-19,135.539167,135.830246,134.970040,135.260521,2818875
2026-08-20,135.048144,136.615973,134.741883,136.306858,1335963
2026-08-21,136.381400,136.689570,135.730326,136.037719,2294769
2026-08-24,136.069012,137.145373,134.338900,135.410048,2055452
2026-08-25,135.468149,136.241350,133.243831,134.008702,989077
2026-08-26,133.954260,137.149161,132.965070,136.143802,3083432
2026-08-27,135.946136,136.250008,135.047754,135.350294,1301924
2026-08-28,134.982496,137.000398,134.031752,136.042190,1625338
2026-08-31,136.289288,137.293220,135.236202,136.239770,3437024
2026-09-01,136.158165,136.877264,133.703851,134.413737,2994742
2026-09-02,134.668926,135.897054,134.133371,135.358756,3252644
2026-09-03,135.498867,136.203669,133.791791,134.491353,3483887
2026-09-04,133.955334,135.906396,132.970257,134.914266,1149017
2026-09-08,135.052629,135.916223,134.628098,135.490317,2376830
2026-09-09,135.410804,136.030098,134.570561,135.188840,2052933
2026-09-10,135.377595,137.535403,135.078923,137.232638,2432636
2026-09-11,136.973115,139.769976,136.121770,138.906613,990357
2026-09-14,139.117148,139.535267,138.348840,138.765903,2125201
2026-09-15,139.226313,140.542516,138.460697,139.773888,1717234
2026-09-16,139.282929,142.424835,138.213057,141.339168,2059208
2026-09-17,141.284617,144.258192,140.656255,143.619446,1602633
2026-09-18,143.658926,144.250319,142.606136,143.195622,1103494
2026-09-21,143.409014,146.841485,142.443294,145.859266,2802314
2026-09-22,146.070197,146.770807,143.963177,144.657008,3047163
2026-09-23,144.467302,145.087184,142.460513,143.074419,1345889
2026-09-24,143.115502,144.784780,142.254249,143.918694,2204881
2026-09-25,144.145835,144.985305,141.817127,142.647873,2108219
2026-09-28,142.440641,145.536949,141.769472,144.854406,1128719
2026-09-29,144.872010,145.693429,141.572405,142.379692,1915102
