Datetime,Open,High,Low,Close,Volume
2026-07-28T13:30:00+00:00,100.42407100,100.42407100,100.17700900,100.17700900,415157
2026-07-28T14:30:00+00:00,100.17700900,100.17700900,99.92994700,99.92994700,415157
2026-07-28T15:30:00+00:00,99.92994700,100.75425600,99.68288500,99.68288500,415157
2026-07-28T16:30:00+00:00,99.68288500,99.68288500,99.43582300,99.43582300,415156
2026-07-28T17:30:00+00:00,99.43582300,99.43582300,98.37013800,99.18876100,415156
2026-07-28T18:30:00+00:00,99.18876100,99.18876100,98.94169900,98.94169900,415156
2026-07-28T19:30:00+00:00,98.94169900,98.94169900,98.69463700,98.69463700,415156
2026-07-29T13:30:00+00:00,99.32601600,99.49440800,99.32601600,99.49440800,376279
2026-07-29T14:30:00+00:00,99.49440800,99.66280000,99.49440800,99.66280000,376278
2026-07-29T15:30:00+00:00,99.66280000,102.02038600,99.66280000,99.83119200,376278
2026-07-29T16:30:00+00:00,99.83119200,99.99958400,99.83119200,99.99958400,376278
2026-07-29T17:30:00+00:00,99.99958400,100.16797600,97.82816500,100.16797600,376278
2026-07-29T18:30:00+00:00,100.16797600,100.33636800,100.16797600,100.33636800,376278
2026-07-29T19:30:00+00:00,100.33636800,100.50476000,100.33636800,100.50476000,376278
2026-07-30T13:30:00+00:00,99.84622400,100.63072886,99.84622400,100.63072886,288725
2026-07-30T14:30:00+00:00,100.63072886,101.41523371,100.63072886,101.41523371,288725
2026-07-30T15:30:00+00:00,101.41523371,105.79462200,101.41523371,102.19973857,288724
2026-07-30T16:30:00+00:00,102.19973857,102.98424343,102.19973857,102.98424343,288724
2026-07-30T17:30:00+00:00,102.98424343,103.76874829,99.41317700,103.76874829,288724
2026-07-30T18:30:00+00:00,103.76874829,104.55325314,103.76874829,104.55325314,288724
2026-07-30T19:30:00+00:00,104.55325314,105.33775800,104.55325314,105.33775800,288724
2026-07-31T13:30:00+00:00,104.51293400,104.51293400,104.30214629,104.30214629,421363
2026-07-31T14:30:00+00:00,104.30214629,104.30214629,104.09135857,104.09135857,421363
2026-07-31T15:30:00+00:00,104.09135857,106.15732000,103.88057086,103.88057086,421363
2026-07-31T16:30:00+00:00,103.88057086,103.88057086,103.66978314,103.66978314,421363
2026-07-31T17:30:00+00:00,103.66978314,103.66978314,101.41624900,103.45899543,421363
2026-07-31T18:30:00+00:00,103.45899543,103.45899543,103.24820771,103.24820771,421363
2026-07-31T19:30:00+00:00,103.24820771,103.24820771,103.03742000,103.03742000,421363
2026-08-03T13:30:00+00:00,102.32395200,102.32395200,102.29515486,102.29515486,374781
2026-08-03T14:30:00+00:00,102.29515486,102.29515486,102.26635771,102.26635771,374781
2026-08-03T15:30:00+00:00,102.26635771,103.01816900,102.23756057,102.23756057,374780
2026-08-03T16:30:00+00:00,102.23756057,102.23756057,102.20876343,102.20876343,374780
2026-08-03T17:30:00+00:00,102.20876343,102.20876343,101.42952200,102.17996629,374780
2026-08-03T18:30:00+00:00,102.17996629,102.17996629,102.15116914,102.15116914,374780
2026-08-03T19:30:00+00:00,102.15116914,102.15116914,102.12237200,102.12237200,374780
2026-08-04T13:30:00+00:00,101.97255100,102.02857129,101.97255100,102.02857129,439992
2026-08-04T14:30:00+00:00,102.02857129,102.08459157,102.02857129,102.08459157,439991
2026-08-04T15:30:00+00:00,102.08459157,103.11495600,102.08459157,102.14061186,439991
2026-08-04T16:30:00+00:00,102.14061186,102.19663214,102.14061186,102.19663214,439991
2026-08-04T17:30:00+00:00,102.19663214,102.25265243,101.22516200,102.25265243,439991
2026-08-04T18:30:00+00:00,102.25265243,102.30867271,102.25265243,102.30867271,439991
2026-08-04T19:30:00+00:00,102.30867271,102.36469300,102.30867271,102.36469300,439991
2026-08-05T13:30:00+00:00,101.70540400,102.27050271,101.70540400,102.27050271,289119
2026-08-05T14:30:00+00:00,102.27050271,102.83560143,102.27050271,102.83560143,289119
2026-08-05T15:30:00+00:00,102.83560143,107.74544100,102.83560143,103.40070014,289119
2026-08-05T16:30:00+00:00,103.40070014,103.96579886,103.40070014,103.96579886,289119
2026-08-05T17:30:00+00:00,103.96579886,104.53089757,99.69909000,104.53089757,289119
2026-08-05T18:30:00+00:00,104.53089757,105.09599629,104.53089757,105.09599629,289119
2026-08-05T19:30:00+00:00,105.09599629,105.66109500,105.09599629,105.66109500,289119
2026-08-06T13:30:00+00:00,106.33147300,107.48193514,106.33147300,107.48193514,439116
2026-08-06T14:30:00+00:00,107.48193514,108.63239729,107.48193514,108.63239729,439116
2026-08-06T15:30:00+00:00,108.63239729,115.38322800,108.63239729,109.78285943,439116
2026-08-06T16:30:00+00:00,109.78285943,110.93332157,109.78285943,110.93332157,439116
2026-08-06T17:30:00+00:00,110.93332157,112.08378371,105.40325300,112.08378371,439115
2026-08-06T18:30:00+00:00,112.08378371,113.23424586,112.08378371,113.23424586,439115
2026-08-06T19:30:00+00:00,113.23424586,114.38470800,113.23424586,114.38470800,439115
2026-08-07T13:30:00+00:00,114.06534000,114.31305371,114.06534000,114.31305371,431185
2026-08-07T14:30:00+00:00,114.31305371,114.56076743,114.31305371,114.56076743,431185
2026-08-07T15:30:00+00:00,114.56076743,116.52692200,114.56076743,114.80848114,431184
2026-08-07T16:30:00+00:00,114.80848114,115.05619486,114.80848114,115.05619486,431184
2026-08-07T17:30:00+00:00,115.05619486,115.30390857,113.34864900,115.30390857,431184
2026-08-07T18:30:00+00:00,115.30390857,115.55162229,115.30390857,115.55162229,431184
2026-08-07T19:30:00+00:00,115.55162229,115.79933600,115.55162229,115.79933600,431184
2026-08-10T13:30:00+00:00,115.40117300,115.51161057,115.40117300,115.51161057,127265
2026-08-10T14:30:00+00:00,115.51161057,115.62204814,115.51161057,115.62204814,127265
2026-08-10T15:30:00+00:00,115.62204814,118.75185000,115.62204814,115.73248571,127265
2026-08-10T16:30:00+00:00,115.73248571,115.84292329,115.73248571,115.84292329,127265
2026-08-10T17:30:00+00:00,115.84292329,115.95336086,112.84071100,115.95336086,127265
2026-08-10T18:30:00+00:00,115.95336086,116.06379843,115.95336086,116.06379843,127265
2026-08-10T19:30:00+00:00,116.06379843,116.17423600,116.06379843,116.17423600,127265
2026-08-11T13:30:00+00:00,116.91132300,116.91132300,116.75481043,116.75481043,364732
2026-08-11T14:30:00+00:00,116.75481043,116.75481043,116.59829786,116.59829786,364732
2026-08-11T15:30:00+00:00,116.59829786,118.41511600,116.44178529,116.44178529,364731
2026-08-11T16:30:00+00:00,116.44178529,116.44178529,116.28527271,116.28527271,364731
2026-08-11T17:30:00+00:00,116.28527271,116.28527271,114.32603300,116.12876014,364731
2026-08-11T18:30:00+00:00,116.12876014,116.12876014,115.97224757,115.97224757,364731
2026-08-11T19:30:00+00:00,115.97224757,115.97224757,115.81573500,115.81573500,364731
2026-08-12T13:30:00+00:00,115.32138100,115.32138100,114.67965143,114.67965143,280296
2026-08-12T14:30:00+00:00,114.67965143,114.67965143,114.03792186,114.03792186,280295
2026-08-12T15:30:00+00:00,114.03792186,116.99681900,113.39619229,113.39619229,280295
2026-08-12T16:30:00+00:00,113.39619229,113.39619229,112.75446271,112.75446271,280295
2026-08-12T17:30:00+00:00,112.75446271,112.75446271,109.21909900,112.11273314,280295
2026-08-12T18:30:00+00:00,112.11273314,112.11273314,111.47100357,111.47100357,280295
2026-08-12T19:30:00+00:00,111.47100357,111.47100357,110.82927400,110.82927400,280295
2026-08-13T13:30:00+00:00,111.19827500,111.19827500,111.15230657,111.15230657,144578
2026-08-13T14:30:00+00:00,111.15230657,111.15230657,111.10633814,111.10633814,144577
2026-08-13T15:30:00+00:00,111.10633814,113.46856000,111.06036971,111.06036971,144577
2026-08-13T16:30:00+00:00,111.06036971,111.06036971,111.01440129,111.01440129,144577
2026-08-13T17:30:00+00:00,111.01440129,111.01440129,108.61278000,110.96843286,144577
2026-08-13T18:30:00+00:00,110.96843286,110.96843286,110.92246443,110.92246443,144577
2026-08-13T19:30:00+00:00,110.92246443,110.92246443,110.87649600,110.87649600,144577
2026-08-14T13:30:00+00:00,110.57021100,110.67939757,110.57021100,110.67939757,252069
2026-08-14T14:30:00+00:00,110.67939757,110.78858414,110.67939757,110.78858414,252068
2026-08-14T15:30:00+00:00,110.78858414,111.91806300,110.78858414,110.89777071,252068
2026-08-14T16:30:00+00:00,110.89777071,111.00695729,110.89777071,111.00695729,252068
2026-08-14T17:30:00+00:00,111.00695729,111.11614386,109.99067100,111.11614386,252068
2026-08-14T18:30:00+00:00,111.11614386,111.22533043,111.11614386,111.22533043,252068
2026-08-14T19:30:00+00:00,111.22533043,111.33451700,111.22533043,111.33451700,252068
2026-08-17T13:30:00+00:00,111.17085500,111.73577943,111.17085500,111.73577943,421431
2026-08-17T14:30:00+00:00,111.73577943,112.30070386,111.73577943,112.30070386,421431
2026-08-17T15:30:00+00:00,112.30070386,116.87519900,112.30070386,112.86562829,421431
2026-08-17T16:30:00+00:00,112.86562829,113.43055271,112.86562829,113.43055271,421431
2026-08-17T17:30:00+00:00,113.43055271,113.99547714,109.48108900,113.99547714,421430
2026-08-17T18:30:00+00:00,113.99547714,114.56040157,113.99547714,114.56040157,421430
2026-08-17T19:30:00+00:00,114.56040157,115.12532600,114.56040157,115.12532600,421430
2026-08-18T13:30:00+00:00,113.99422000,113.99422000,113.36448900,113.36448900,434189
2026-08-18T14:30:00+00:00,113.36448900,113.36448900,112.73475800,112.73475800,434188
2026-08-18T15:30:00+00:00,112.73475800,115.01200200,112.10502700,112.10502700,434188
2026-08-18T16:30:00+00:00,112.10502700,112.10502700,111.47529600,111.47529600,434188
2026-08-18T17:30:00+00:00,111.47529600,111.47529600,108.60767900,110.84556500,434188
2026-08-18T18:30:00+00:00,110.84556500,110.84556500,110.21583400,110.21583400,434188
2026-08-18T19:30:00+00:00,110.21583400,110.21583400,109.58610300,109.58610300,434188
2026-08-19T13:30:00+00:00,109.23192900,109.25808829,109.23192900,109.25808829,410401
2026-08-19T14:30:00+00:00,109.25808829,109.28424757,109.25808829,109.28424757,410401
2026-08-19T15:30:00+00:00,109.28424757,110.38717700,109.28424757,109.31040686,410401
2026-08-19T16:30:00+00:00,109.31040686,109.33656614,109.31040686,109.33656614,410401
2026-08-19T17:30:00+00:00,109.33656614,109.36272543,108.26142300,109.36272543,410401
2026-08-19T18:30:00+00:00,109.36272543,109.38888471,109.36272543,109.38888471,410400
2026-08-19T19:30:00+00:00,109.38888471,109.41504400,109.38888471,109.41504400,410400
2026-08-20T13:30:00+00:00,109.78549600,109.82091071,109.78549600,109.82091071,341081
2026-08-20T14:30:00+00:00,109.82091071,109.85632543,109.82091071,109.85632543,341081
2026-08-20T15:30:00+00:00,109.85632543,112.31227600,109.85632543,109.89174014,341081
2026-08-20T16:30:00+00:00,109.89174014,109.92715486,109.89174014,109.92715486,341081
2026-08-20T17:30:00+00:00,109.92715486,109.96256957,107.51175300,109.96256957,341081
2026-08-20T18:30:00+00:00,109.96256957,109.99798429,109.96256957,109.99798429,341081
2026-08-20T19:30:00+00:00,109.99798429,110.03339900,109.99798429,110.03339900,341081
2026-08-21T13:30:00+00:00,110.34688300,110.34688300,109.84414157,109.84414157,286881
2026-08-21T14:30:00+00:00,109.84414157,109.84414157,109.34140014,109.34140014,286881
2026-08-21T15:30:00+00:00,109.34140014,111.58462600,108.83865871,108.83865871,286881
2026-08-21T16:30:00+00:00,108.83865871,108.83865871,108.33591729,108.33591729,286881
2026-08-21T17:30:00+00:00,108.33591729,108.33591729,105.62942400,107.83317586,286880
2026-08-21T18:30:00+00:00,107.83317586,107.83317586,107.33043443,107.33043443,286880
2026-08-21T19:30:00+00:00,107.33043443,107.33043443,106.82769300,106.82769300,286880
2026-08-24T13:30:00+00:00,106.84341400,107.30623771,106.84341400,107.30623771,208071
2026-08-24T14:30:00+00:00,107.30623771,107.76906143,107.30623771,107.76906143,208071
2026-08-24T15:30:00+00:00,107.76906143,111.85077500,107.76906143,108.23188514,208070
2026-08-24T16:30:00+00:00,108.23188514,108.69470886,108.23188514,108.69470886,208070
2026-08-24T17:30:00+00:00,108.69470886,109.15753257,105.12784100,109.15753257,208070
2026-08-24T18:30:00+00:00,109.15753257,109.62035629,109.15753257,109.62035629,208070
2026-08-24T19:30:00+00:00,109.62035629,110.08318000,109.62035629,110.08318000,208070
2026-08-25T13:30:00+00:00,110.46106100,110.47475286,110.46106100,110.47475286,472913
2026-08-25T14:30:00+00:00,110.47475286,110.48844471,110.47475286,110.48844471,472913
2026-08-25T15:30:00+00:00,110.48844471,112.96938900,110.48844471,110.50213657,472912
2026-08-25T16:30:00+00:00,110.50213657,110.51582843,110.50213657,110.51582843,472912
2026-08-25T17:30:00+00:00,110.51582843,110.52952029,108.05066700,110.52952029,472912
2026-08-25T18:30:00+00:00,110.52952029,110.54321214,110.52952029,110.54321214,472912
2026-08-25T19:30:00+00:00,110.54321214,110.55690400,110.54321214,110.55690400,472912
2026-08-26T13:30:00+00:00,111.23173100,111.36904643,111.23173100,111.36904643,390303
2026-08-26T14:30:00+00:00,111.36904643,111.50636186,111.36904643,111.50636186,390303
2026-08-26T15:30:00+00:00,111.50636186,112.52587700,111.50636186,111.64367729,390303
2026-08-26T16:30:00+00:00,111.64367729,111.78099271,111.64367729,111.78099271,390303
2026-08-26T17:30:00+00:00,111.78099271,111.91830814,110.90164500,111.91830814,390303
2026-08-26T18:30:00+00:00,111.91830814,112.05562357,111.91830814,112.05562357,390303
2026-08-26T19:30:00+00:00,112.05562357,112.19293900,112.05562357,112.19293900,390303
2026-08-27T13:30:00+00:00,111.90074500,111.90074500,111.88689771,111.88689771,220114
2026-08-27T14:30:00+00:00,111.88689771,111.88689771,111.87305043,111.87305043,220114
2026-08-27T15:30:00+00:00,111.87305043,113.52200200,111.85920314,111.85920314,220114
2026-08-27T16:30:00+00:00,111.85920314,111.85920314,111.84535586,111.84535586,220114
2026-08-27T17:30:00+00:00,111.84535586,111.84535586,110.18396100,111.83150857,220114
2026-08-27T18:30:00+00:00,111.83150857,111.83150857,111.81766129,111.81766129,220114
2026-08-27T19:30:00+00:00,111.81766129,111.81766129,111.80381400,111.80381400,220113
2026-08-28T13:30:00+00:00,112.68525500,112.68525500,112.43449329,112.43449329,206356
2026-08-28T14:30:00+00:00,112.43449329,112.43449329,112.18373157,112.18373157,206356
2026-08-28T15:30:00+00:00,112.18373157,113.36307600,111.93296986,111.93296986,206356
2026-08-28T16:30:00+00:00,111.93296986,111.93296986,111.68220814,111.68220814,206356
2026-08-28T17:30:00+00:00,111.68220814,111.68220814,110.26266100,111.43144643,206356
2026-08-28T18:30:00+00:00,111.43144643,111.43144643,111.18068471,111.18068471,206356
2026-08-28T19:30:00+00:00,111.18068471,111.18068471,110.92992300,110.92992300,206355
2026-08-31T13:30:00+00:00,110.55245700,110.55245700,110.00456057,110.00456057,410414
2026-08-31T14:30:00+00:00,110.00456057,110.00456057,109.45666414,109.45666414,410414
2026-08-31T15:30:00+00:00,109.45666414,112.30711100,108.90876771,108.90876771,410414
2026-08-31T16:30:00+00:00,108.90876771,108.90876771,108.36087129,108.36087129,410414
2026-08-31T17:30:00+00:00,108.36087129,108.36087129,105.02340000,107.81297486,410413
2026-08-31T18:30:00+00:00,107.81297486,107.81297486,107.26507843,107.26507843,410413
2026-08-31T19:30:00+00:00,107.26507843,107.26507843,106.71718200,106.71718200,410413
2026-09-01T13:30:00+00:00,105.79885900,106.19125329,105.79885900,106.19125329,286773
2026-09-01T14:30:00+00:00,106.19125329,106.58364757,106.19125329,106.58364757,286773
2026-09-01T15:30:00+00:00,106.58364757,108.88479000,106.58364757,106.97604186,286773
2026-09-01T16:30:00+00:00,106.97604186,107.36843614,106.97604186,107.36843614,286772
2026-09-01T17:30:00+00:00,107.36843614,107.76083043,105.46827000,107.76083043,286772
2026-09-01T18:30:00+00:00,107.76083043,108.15322471,107.76083043,108.15322471,286772
2026-09-01T19:30:00+00:00,108.15322471,108.54561900,108.15322471,108.54561900,286772
2026-09-02T13:30:00+00:00,108.28341500,108.71460786,108.28341500,108.71460786,231402
2026-09-02T14:30:00+00:00,108.71460786,109.14580071,108.71460786,109.14580071,231402
2026-09-02T15:30:00+00:00,109.14580071,113.07203600,109.14580071,109.57699357,231401
2026-09-02T16:30:00+00:00,109.57699357,110.00818643,109.57699357,110.00818643,231401
2026-09-02T17:30:00+00:00,110.00818643,110.43937929,106.56115100,110.43937929,231401
2026-09-02T18:30:00+00:00,110.43937929,110.87057214,110.43937929,110.87057214,231401
2026-09-02T19:30:00+00:00,110.87057214,111.30176500,110.87057214,111.30176500,231401
2026-09-03T13:30:00+00:00,111.09615900,111.36019114,111.09615900,111.36019114,485218
2026-09-03T14:30:00+00:00,111.36019114,111.62422329,111.36019114,111.62422329,485218
2026-09-03T15:30:00+00:00,111.62422329,113.89502800,111.62422329,111.88825543,485218
2026-09-03T16:30:00+00:00,111.88825543,112.15228757,111.88825543,112.15228757,485217
2026-09-03T17:30:00+00:00,112.15228757,112.41631971,110.16107200,112.41631971,485217
2026-09-03T18:30:00+00:00,112.41631971,112.68035186,112.41631971,112.68035186,485217
2026-09-03T19:30:00+00:00,112.68035186,112.94438400,112.68035186,112.94438400,485217
2026-09-04T13:30:00+00:00,112.89620800,112.89620800,112.59439943,112.59439943,286396
2026-09-04T14:30:00+00:00,112.59439943,112.59439943,112.29259086,112.29259086,286396
2026-09-04T15:30:00+00:00,112.29259086,114.46783500,111.99078229,111.99078229,286396
2026-09-04T16:30:00+00:00,111.99078229,111.99078229,111.68897371,111.68897371,286395
2026-09-04T17:30:00+00:00,111.68897371,111.68897371,109.24133100,111.38716514,286395
2026-09-04T18:30:00+00:00,111.38716514,111.38716514,111.08535657,111.08535657,286395
2026-09-04T19:30:00+00:00,111.08535657,111.08535657,110.78354800,110.78354800,286395
2026-09-08T13:30:00+00:00,110.99364400,110.99364400,110.72183786,110.72183786,226048
2026-09-08T14:30:00+00:00,110.72183786,110.72183786,110.45003171,110.45003171,226048
2026-09-08T15:30:00+00:00,110.45003171,112.51868400,110.17822557,110.17822557,226048
2026-09-08T16:30:00+00:00,110.17822557,110.17822557,109.90641943,109.90641943,226048
2026-09-08T17:30:00+00:00,109.90641943,109.90641943,107.59210400,109.63461329,226048
2026-09-08T18:30:00+00:00,109.63461329,109.63461329,109.36280714,109.36280714,226048
2026-09-08T19:30:00+00:00,109.36280714,109.36280714,109.09100100,109.09100100,226047
2026-09-09T13:30:00+00:00,109.21732200,109.21732200,108.73630200,108.73630200,382885
2026-09-09T14:30:00+00:00,108.73630200,108.73630200,108.25528200,108.25528200,382885
2026-09-09T15:30:00+00:00,108.25528200,110.20365000,107.77426200,107.77426200,382885
2026-09-09T16:30:00+00:00,107.77426200,107.77426200,107.29324200,107.29324200,382884
2026-09-09T17:30:00+00:00,107.29324200,107.29324200,104.89426200,106.81222200,382884
2026-09-09T18:30:00+00:00,106.81222200,106.81222200,106.33120200,106.33120200,382884
2026-09-09T19:30:00+00:00,106.33120200,106.33120200,105.85018200,105.85018200,382884
2026-09-10T13:30:00+00:00,104.92641900,104.97891171,104.92641900,104.97891171,445883
2026-09-10T14:30:00+00:00,104.97891171,105.03140443,104.97891171,105.03140443,445883
2026-09-10T15:30:00+00:00,105.03140443,107.59803200,105.03140443,105.08389714,445883
2026-09-10T16:30:00+00:00,105.08389714,105.13638986,105.08389714,105.13638986,445883
2026-09-10T17:30:00+00:00,105.13638986,105.18888257,102.63029500,105.18888257,445883
2026-09-10T18:30:00+00:00,105.18888257,105.24137529,105.18888257,105.24137529,445883
2026-09-10T19:30:00+00:00,105.24137529,105.29386800,105.24137529,105.29386800,445882
2026-09-11T13:30:00+00:00,105.26970500,105.79239714,105.26970500,105.79239714,334515
2026-09-11T14:30:00+00:00,105.79239714,106.31508929,105.79239714,106.31508929,334514
2026-09-11T15:30:00+00:00,106.31508929,110.67000500,106.31508929,106.83778143,334514
2026-09-11T16:30:00+00:00,106.83778143,107.36047357,106.83778143,107.36047357,334514
2026-09-11T17:30:00+00:00,107.36047357,107.88316571,103.58674400,107.88316571,334514
2026-09-11T18:30:00+00:00,107.88316571,108.40585786,107.88316571,108.40585786,334514
2026-09-11T19:30:00+00:00,108.40585786,108.92855000,108.40585786,108.92855000,334514
2026-09-14T13:30:00+00:00,108.19788900,108.55205600,108.19788900,108.55205600,194068
2026-09-14T14:30:00+00:00,108.55205600,108.90622300,108.55205600,108.90622300,194068
2026-09-14T15:30:00+00:00,108.90622300,112.90575300,108.90622300,109.26039000,194067
2026-09-14T16:30:00+00:00,109.26039000,109.61455700,109.26039000,109.61455700,194067
2026-09-14T17:30:00+00:00,109.61455700,109.96872400,106.01911700,109.96872400,194067
2026-09-14T18:30:00+00:00,109.96872400,110.32289100,109.96872400,110.32289100,194067
2026-09-14T19:30:00+00:00,110.32289100,110.67705800,110.32289100,110.67705800,194067
2026-09-15T13:30:00+00:00,110.89481600,110.89481600,110.60371471,110.60371471,261343
2026-09-15T14:30:00+00:00,110.60371471,110.60371471,110.31261343,110.31261343,261343
2026-09-15T15:30:00+00:00,110.31261343,112.73919700,110.02151214,110.02151214,261343
2026-09-15T16:30:00+00:00,110.02151214,110.02151214,109.73041086,109.73041086,261342
2026-09-15T17:30:00+00:00,109.73041086,109.73041086,107.04661600,109.43930957,261342
2026-09-15T18:30:00+00:00,109.43930957,109.43930957,109.14820829,109.14820829,261342
2026-09-15T19:30:00+00:00,109.14820829,109.14820829,108.85710700,108.85710700,261342
2026-09-16T13:30:00+00:00,109.01109700,109.01109700,108.45161529,108.45161529,115623
2026-09-16T14:30:00+00:00,108.45161529,108.45161529,107.89213357,107.89213357,115623
2026-09-16T15:30:00+00:00,107.89213357,109.83971500,107.33265186,107.33265186,115623
2026-09-16T16:30:00+00:00,107.33265186,107.33265186,106.77317014,106.77317014,115622
2026-09-16T17:30:00+00:00,106.77317014,106.77317014,104.29587700,106.21368843,115622
2026-09-16T18:30:00+00:00,106.21368843,106.21368843,105.65420671,105.65420671,115622
2026-09-16T19:30:00+00:00,105.65420671,105.65420671,105.09472500,105.09472500,115622
2026-09-17T13:30:00+00:00,105.75413300,105.75528971,105.75413300,105.75528971,275747
2026-09-17T14:30:00+00:00,105.75528971,105.75644643,105.75528971,105.75644643,275747
2026-09-17T15:30:00+00:00,105.75644643,106.00395100,105.75644643,105.75760314,275747
2026-09-17T16:30:00+00:00,105.75760314,105.75875986,105.75760314,105.75875986,275747
2026-09-17T17:30:00+00:00,105.75875986,105.75991657,105.51243100,105.75991657,275747
2026-09-17T18:30:00+00:00,105.75991657,105.76107329,105.75991657,105.76107329,275746
2026-09-17T19:30:00+00:00,105.76107329,105.76223000,105.76107329,105.76223000,275746
2026-09-18T13:30:00+00:00,105.08016100,105.34911243,105.08016100,105.34911243,389471
2026-09-18T14:30:00+00:00,105.34911243,105.61806386,105.34911243,105.61806386,389471
2026-09-18T15:30:00+00:00,105.61806386,109.18456100,105.61806386,105.88701529,389471
2026-09-18T16:30:00+00:00,105.88701529,106.15596671,105.88701529,106.15596671,389471
2026-09-18T17:30:00+00:00,106.15596671,106.42491814,102.89752600,106.42491814,389471
2026-09-18T18:30:00+00:00,106.42491814,106.69386957,106.42491814,106.69386957,389471
2026-09-18T19:30:00+00:00,106.69386957,106.96282100,106.69386957,106.96282100,389471
2026-09-21T13:30:00+00:00,107.94673200,107.94673200,107.72496957,107.72496957,346448
2026-09-21T14:30:00+00:00,107.72496957,107.72496957,107.50320714,107.50320714,346448
2026-09-21T15:30:00+00:00,107.50320714,108.16862400,107.28144471,107.28144471,346448
2026-09-21T16:30:00+00:00,107.28144471,107.28144471,107.05968229,107.05968229,346448
2026-09-21T17:30:00+00:00,107.05968229,107.05968229,106.17569400,106.83791986,346448
2026-09-21T18:30:00+00:00,106.83791986,106.83791986,106.61615743,106.61615743,346447
2026-09-21T19:30:00+00:00,106.61615743,106.61615743,106.39439500,106.39439500,346447
2026-09-22T13:30:00+00:00,106.69655900,106.69655900,106.52681857,106.52681857,446925
2026-09-22T14:30:00+00:00,106.52681857,106.52681857,106.35707814,106.35707814,446925
2026-09-22T15:30:00+00:00,106.35707814,108.07223000,106.18733771,106.18733771,446925
2026-09-22T16:30:00+00:00,106.18733771,106.18733771,106.01759729,106.01759729,446925
2026-09-22T17:30:00+00:00,106.01759729,106.01759729,104.14802400,105.84785686,446925
2026-09-22T18:30:00+00:00,105.84785686,105.84785686,105.67811643,105.67811643,446925
2026-09-22T19:30:00+00:00,105.67811643,105.67811643,105.50837600,105.50837600,446924
2026-09-23T13:30:00+00:00,104.84427300,104.84427300,104.74925943,104.74925943,193402
2026-09-23T14:30:00+00:00,104.74925943,104.74925943,104.65424586,104.65424586,193402
2026-09-23T15:30:00+00:00,104.65424586,106.80606700,104.55923229,104.55923229,193402
2026-09-23T16:30:00+00:00,104.55923229,104.55923229,104.46421871,104.46421871,193402
2026-09-23T17:30:00+00:00,104.46421871,104.46421871,102.22982800,104.36920514,193402
2026-09-23T18:30:00+00:00,104.36920514,104.36920514,104.27419157,104.27419157,193402
2026-09-23T19:30:00+00:00,104.27419157,104.27419157,104.17917800,104.17917800,193401
2026-09-24T13:30:00+00:00,104.18869300,104.18869300,104.10841443,104.10841443,422239
2026-09-24T14:30:00+00:00,104.10841443,104.10841443,104.02813586,104.02813586,422239
2026-09-24T15:30:00+00:00,104.02813586,105.99482300,103.94785729,103.94785729,422238
2026-09-24T16:30:00+00:00,103.94785729,103.94785729,103.86757871,103.86757871,422238
2026-09-24T17:30:00+00:00,103.86757871,103.86757871,101.83035500,103.78730014,422238
2026-09-24T18:30:00+00:00,103.78730014,103.78730014,103.70702157,103.70702157,422238
2026-09-24T19:30:00+00:00,103.70702157,103.70702157,103.62674300,103.62674300,422238
2026-09-25T13:30:00+00:00,103.96258500,103.96258500,103.57537500,103.57537500,460071
2026-09-25T14:30:00+00:00,103.57537500,103.57537500,103.18816500,103.18816500,460071
2026-09-25T15:30:00+00:00,103.18816500,106.37821200,102.80095500,102.80095500,460071
2026-09-25T16:30:00+00:00,102.80095500,102.80095500,102.41374500,102.41374500,460071
2026-09-25T17:30:00+00:00,102.41374500,102.41374500,98.89946600,102.02653500,460071
2026-09-25T18:30:00+00:00,102.02653500,102.02653500,101.63932500,101.63932500,460071
2026-09-25T19:30:00+00:00,101.63932500,101.63932500,101.25211500,101.25211500,460071
2026-09-28T13:30:00+00:00,101.85145700,101.85148629,101.85145700,101.85148629,368002
2026-09-28T14:30:00+00:00,101.85148629,101.85151557,101.85148629,101.85151557,368002
2026-09-28T15:30:00+00:00,101.85151557,103.11961800,101.85151557,101.85154486,368002
2026-09-28T16:30:00+00:00,101.85154486,101.85157414,101.85154486,101.85157414,368002
2026-09-28T17:30:00+00:00,101.85157414,101.85160343,100.58350300,101.85160343,368002
2026-09-28T18:30:00+00:00,101.85160343,101.85163271,101.85160343,101.85163271,368002
2026-09-28T19:30:00+00:00,101.85163271,101.85166200,101.85163271,101.85166200,368001
2026-09-29T13:30:00+00:00,102.19087300,102.29182900,102.19087300,102.29182900,189030
2026-09-29T14:30:00+00:00,102.29182900,102.39278500,102.29182900,102.39278500,189030
2026-09-29T15:30:00+00:00,102.39278500,104.74250600,102.39278500,102.49374100,189029
2026-09-29T16:30:00+00:00,102.49374100,102.59469700,102.49374100,102.59469700,189029
2026-09-29T17:30:00+00:00,102.59469700,102.69565300,100.35860300,102.69565300,189029
2026-09-29T18:30:00+00:00,102.69565300,102.79660900,102.69565300,102.79660900,189029
2026-09-29T19:30:00+00:00,102.79660900,102.89756500,102.79660900,102.89756500,189029
